sale_id,sale_date,customer_name,email,region_name,product_name,category,quantity,sale_amount
38,2024-01-28,Ravi Chopra,ravi.chopra@example.com,Central,Laptop,Electronics,2,150000.0
63,2024-01-31,Priya Singh,priya.singh@example.com,Central,Laptop,Electronics,1,75000.0
107,2023-02-26,Pooja Singh,pooja.singh@example.com,Central,Laptop,Electronics,1,75000.0
108,2023-03-25,Rahul Singh,rahul.singh@example.com,Central,Laptop,Electronics,2,150000.0
142,2024-06-27,Pooja Patel,pooja.patel@example.com,Central,Laptop,Electronics,1,75000.0
296,2023-07-22,Priya Reddy,priya.reddy@example.com,Central,Laptop,Electronics,5,375000.0
355,2024-11-03,Ravi Verma,ravi.verma@example.com,Central,Laptop,Electronics,3,225000.0
405,2023-01-11,Karan Gupta,karan.gupta@example.com,Central,Laptop,Electronics,1,75000.0
413,2023-04-30,Sneha Chopra,sneha.chopra@example.com,Central,Laptop,Electronics,4,300000.0
443,2024-10-20,Simran Kumar,simran.kumar@example.com,Central,Laptop,Electronics,1,75000.0
468,2023-12-04,Arjun Mehta,arjun.mehta@example.com,Central,Laptop,Electronics,3,225000.0
509,2023-08-24,Sneha Iyer,sneha.iyer@example.com,Central,Laptop,Electronics,1,75000.0
522,2023-10-11,Sneha Sharma,sneha.sharma@example.com,Central,Laptop,Electronics,1,75000.0
557,2023-01-05,Rahul Sharma,rahul.sharma@example.com,Central,Laptop,Electronics,4,300000.0
566,2024-06-23,Amit Patel,amit.patel@example.com,Central,Laptop,Electronics,2,150000.0
744,2024-01-16,Ravi Verma,ravi.verma@example.com,Central,Laptop,Electronics,4,300000.0
804,2024-04-03,Pooja Iyer,pooja.iyer@example.com,Central,Laptop,Electronics,1,75000.0
807,2023-03-24,Simran Kumar,simran.kumar@example.com,Central,Laptop,Electronics,1,75000.0
836,2024-06-07,Simran Kumar,simran.kumar@example.com,Central,Laptop,Electronics,5,375000.0
852,2024-09-12,Arjun Reddy,arjun.reddy@example.com,Central,Laptop,Electronics,4,300000.0
855,2024-08-11,Neha Iyer,neha.iyer@example.com,Central,Laptop,Electronics,2,150000.0
889,2023-05-06,Arjun Reddy,arjun.reddy@example.com,Central,Laptop,Electronics,5,375000.0
915,2024-05-13,Neha Iyer,neha.iyer@example.com,Central,Laptop,Electronics,2,150000.0
948,2024-12-26,Amit Reddy,amit.reddy@example.com,Central,Laptop,Electronics,1,75000.0
982,2023-06-30,Amit Iyer,amit.iyer@example.com,Central,Laptop,Electronics,5,375000.0
988,2024-10-19,Rahul Sharma,rahul.sharma@example.com,Central,Laptop,Electronics,5,375000.0
990,2024-03-04,Ravi Chopra,ravi.chopra@example.com,Central,Laptop,Electronics,5,375000.0
6,2023-11-27,Ravi Singh,ravi.singh@example.com,West,Laptop,Electronics,1,75000.0
44,2024-07-01,Karan Iyer,karan.iyer@example.com,West,Laptop,Electronics,4,300000.0
141,2023-10-04,Simran Sharma,simran.sharma@example.com,West,Laptop,Electronics,5,375000.0
251,2024-12-23,Arjun Reddy,arjun.reddy@example.com,West,Laptop,Electronics,5,375000.0
320,2024-07-08,Amit Reddy,amit.reddy@example.com,West,Laptop,Electronics,1,75000.0
356,2024-12-29,Priya Sharma,priya.sharma@example.com,West,Laptop,Electronics,4,300000.0
395,2024-11-25,Priya Kumar,priya.kumar@example.com,West,Laptop,Electronics,3,225000.0
433,2023-05-17,Neha Mehta,neha.mehta@example.com,West,Laptop,Electronics,5,375000.0
439,2024-08-05,Sneha Chopra,sneha.chopra@example.com,West,Laptop,Electronics,1,75000.0
470,2023-11-07,Rahul Kumar,rahul.kumar@example.com,West,Laptop,Electronics,4,300000.0
512,2024-04-14,Priya Reddy,priya.reddy@example.com,West,Laptop,Electronics,3,225000.0
516,2023-08-11,Ravi Singh,ravi.singh@example.com,West,Laptop,Electronics,4,300000.0
527,2024-02-13,Neha Sharma,neha.sharma@example.com,West,Laptop,Electronics,4,300000.0
587,2024-11-19,Karan Sharma,karan.sharma@example.com,West,Laptop,Electronics,3,225000.0
645,2023-05-08,Amit Gupta,amit.gupta@example.com,West,Laptop,Electronics,3,225000.0
668,2023-07-02,Simran Patel,simran.patel@example.com,West,Laptop,Electronics,5,375000.0
731,2023-08-17,Priya Patel,priya.patel@example.com,West,Laptop,Electronics,1,75000.0
749,2024-09-04,Simran Patel,simran.patel@example.com,West,Laptop,Electronics,2,150000.0
752,2023-10-28,Rahul Singh,rahul.singh@example.com,West,Laptop,Electronics,3,225000.0
779,2024-01-31,Pooja Singh,pooja.singh@example.com,West,Laptop,Electronics,1,75000.0
784,2023-09-18,Rahul Kumar,rahul.kumar@example.com,West,Laptop,Electronics,2,150000.0
792,2024-08-11,Rahul Sharma,rahul.sharma@example.com,West,Laptop,Electronics,4,300000.0
910,2023-10-02,Rahul Singh,rahul.singh@example.com,West,Laptop,Electronics,2,150000.0
961,2023-04-20,Arjun Patel,arjun.patel@example.com,West,Laptop,Electronics,5,375000.0
964,2023-11-30,Simran Patel,simran.patel@example.com,West,Laptop,Electronics,2,150000.0
983,2024-12-02,Karan Iyer,karan.iyer@example.com,West,Laptop,Electronics,5,375000.0
993,2024-04-12,Neha Chopra,neha.chopra@example.com,West,Laptop,Electronics,4,300000.0
55,2023-10-26,Ravi Chopra,ravi.chopra@example.com,East,Laptop,Electronics,3,225000.0
60,2024-12-12,Sneha Mehta,sneha.mehta@example.com,East,Laptop,Electronics,5,375000.0
85,2023-07-15,Amit Reddy,amit.reddy@example.com,East,Laptop,Electronics,1,75000.0
98,2024-03-23,Priya Reddy,priya.reddy@example.com,East,Laptop,Electronics,4,300000.0
139,2023-02-09,Arjun Patel,arjun.patel@example.com,East,Laptop,Electronics,1,75000.0
245,2024-04-09,Karan Mehta,karan.mehta@example.com,East,Laptop,Electronics,1,75000.0
273,2024-12-22,Priya Reddy,priya.reddy@example.com,East,Laptop,Electronics,5,375000.0
310,2024-03-09,Neha Reddy,neha.reddy@example.com,East,Laptop,Electronics,5,375000.0
391,2023-04-12,Ravi Verma,ravi.verma@example.com,East,Laptop,Electronics,4,300000.0
435,2024-07-03,Amit Iyer,amit.iyer@example.com,East,Laptop,Electronics,1,75000.0
466,2024-02-09,Neha Verma,neha.verma@example.com,East,Laptop,Electronics,4,300000.0
511,2023-11-17,Ravi Sharma,ravi.sharma@example.com,East,Laptop,Electronics,1,75000.0
559,2024-07-03,Simran Patel,simran.patel@example.com,East,Laptop,Electronics,5,375000.0
564,2024-09-30,Simran Sharma,simran.sharma@example.com,East,Laptop,Electronics,1,75000.0
586,2023-07-22,Arjun Reddy,arjun.reddy@example.com,East,Laptop,Electronics,2,150000.0
609,2023-10-07,Priya Reddy,priya.reddy@example.com,East,Laptop,Electronics,3,225000.0
612,2023-03-20,Amit Chopra,amit.chopra@example.com,East,Laptop,Electronics,5,375000.0
663,2024-03-22,Arjun Patel,arjun.patel@example.com,East,Laptop,Electronics,1,75000.0
670,2024-10-05,Amit Patel,amit.patel@example.com,East,Laptop,Electronics,2,150000.0
882,2023-12-17,Sneha Sharma,sneha.sharma@example.com,East,Laptop,Electronics,5,375000.0
885,2024-05-10,Simran Kumar,simran.kumar@example.com,East,Laptop,Electronics,1,75000.0
894,2024-07-18,Neha Mehta,neha.mehta@example.com,East,Laptop,Electronics,4,300000.0
946,2024-01-07,Neha Chopra,neha.chopra@example.com,East,Laptop,Electronics,4,300000.0
14,2024-11-03,Simran Iyer,simran.iyer@example.com,South,Laptop,Electronics,4,300000.0
48,2023-03-18,Priya Reddy,priya.reddy@example.com,South,Laptop,Electronics,3,225000.0
109,2023-05-19,Karan Gupta,karan.gupta@example.com,South,Laptop,Electronics,1,75000.0
158,2023-10-23,Ravi Reddy,ravi.reddy@example.com,South,Laptop,Electronics,3,225000.0
184,2024-04-20,Sneha Chopra,sneha.chopra@example.com,South,Laptop,Electronics,4,300000.0
229,2023-04-25,Ravi Singh,ravi.singh@example.com,South,Laptop,Electronics,2,150000.0
233,2024-07-14,Neha Chopra,neha.chopra@example.com,South,Laptop,Electronics,3,225000.0
262,2023-05-03,Rahul Sharma,rahul.sharma@example.com,South,Laptop,Electronics,3,225000.0
436,2023-03-14,Priya Reddy,priya.reddy@example.com,South,Laptop,Electronics,2,150000.0
483,2024-01-05,Ravi Sharma,ravi.sharma@example.com,South,Laptop,Electronics,3,225000.0
506,2024-12-17,Pooja Verma,pooja.verma@example.com,South,Laptop,Electronics,4,300000.0
519,2024-02-18,Amit Verma,amit.verma@example.com,South,Laptop,Electronics,1,75000.0
541,2024-07-03,Amit Iyer,amit.iyer@example.com,South,Laptop,Electronics,5,375000.0
582,2023-05-20,Ravi Reddy,ravi.reddy@example.com,South,Laptop,Electronics,4,300000.0
597,2024-06-04,Neha Patel,neha.patel@example.com,South,Laptop,Electronics,5,375000.0
621,2024-06-28,Simran Singh,simran.singh@example.com,South,Laptop,Electronics,5,375000.0
648,2023-07-18,Ravi Chopra,ravi.chopra@example.com,South,Laptop,Electronics,4,300000.0
657,2023-11-15,Arjun Singh,arjun.singh@example.com,South,Laptop,Electronics,5,375000.0
725,2024-02-11,Amit Chopra,amit.chopra@example.com,South,Laptop,Electronics,5,375000.0
754,2023-08-01,Simran Iyer,simran.iyer@example.com,South,Laptop,Electronics,4,300000.0
822,2023-11-29,Ravi Sharma,ravi.sharma@example.com,South,Laptop,Electronics,5,375000.0
898,2023-09-06,Pooja Singh,pooja.singh@example.com,South,Laptop,Electronics,2,150000.0
94,2023-01-09,Pooja Iyer,pooja.iyer@example.com,North,Laptop,Electronics,5,375000.0
168,2024-12-13,Neha Sharma,neha.sharma@example.com,North,Laptop,Electronics,1,75000.0
170,2024-10-23,Arjun Gupta,arjun.gupta@example.com,North,Laptop,Electronics,5,375000.0
196,2024-11-14,Priya Reddy,priya.reddy@example.com,North,Laptop,Electronics,2,150000.0
248,2024-09-12,Amit Patel,amit.patel@example.com,North,Laptop,Electronics,3,225000.0
266,2024-11-04,Sneha Sharma,sneha.sharma@example.com,North,Laptop,Electronics,1,75000.0
303,2023-09-02,Neha Sharma,neha.sharma@example.com,North,Laptop,Electronics,5,375000.0
347,2023-07-03,Pooja Reddy,pooja.reddy@example.com,North,Laptop,Electronics,4,300000.0
348,2023-02-02,Rahul Sharma,rahul.sharma@example.com,North,Laptop,Electronics,2,150000.0
364,2024-09-22,Simran Patel,simran.patel@example.com,North,Laptop,Electronics,5,375000.0
388,2023-06-10,Neha Mehta,neha.mehta@example.com,North,Laptop,Electronics,4,300000.0
392,2023-03-31,Simran Iyer,simran.iyer@example.com,North,Laptop,Electronics,4,300000.0
393,2024-04-30,Rahul Sharma,rahul.sharma@example.com,North,Laptop,Electronics,4,300000.0
402,2024-05-14,Ravi Verma,ravi.verma@example.com,North,Laptop,Electronics,1,75000.0
403,2024-05-27,Karan Iyer,karan.iyer@example.com,North,Laptop,Electronics,4,300000.0
425,2023-05-22,Neha Patel,neha.patel@example.com,North,Laptop,Electronics,3,225000.0
432,2023-02-12,Sneha Patel,sneha.patel@example.com,North,Laptop,Electronics,2,150000.0
535,2023-10-18,Pooja Reddy,pooja.reddy@example.com,North,Laptop,Electronics,4,300000.0
550,2023-01-04,Neha Patel,neha.patel@example.com,North,Laptop,Electronics,1,75000.0
617,2024-12-28,Rahul Singh,rahul.singh@example.com,North,Laptop,Electronics,1,75000.0
659,2023-02-11,Karan Gupta,karan.gupta@example.com,North,Laptop,Electronics,4,300000.0
664,2024-08-19,Sneha Sharma,sneha.sharma@example.com,North,Laptop,Electronics,1,75000.0
682,2023-03-04,Arjun Singh,arjun.singh@example.com,North,Laptop,Electronics,5,375000.0
714,2023-07-28,Pooja Iyer,pooja.iyer@example.com,North,Laptop,Electronics,3,225000.0
771,2023-04-30,Sneha Mehta,sneha.mehta@example.com,North,Laptop,Electronics,5,375000.0
842,2024-08-30,Priya Sharma,priya.sharma@example.com,North,Laptop,Electronics,5,375000.0
939,2024-01-08,Simran Iyer,simran.iyer@example.com,North,Laptop,Electronics,1,75000.0
989,2023-06-05,Rahul Singh,rahul.singh@example.com,North,Laptop,Electronics,3,225000.0
77,2023-05-11,Sneha Sharma,sneha.sharma@example.com,Central,Mobile Phone,Electronics,3,75000.0
87,2024-05-27,Amit Gupta,amit.gupta@example.com,Central,Mobile Phone,Electronics,4,100000.0
135,2024-02-01,Pooja Reddy,pooja.reddy@example.com,Central,Mobile Phone,Electronics,4,100000.0
215,2023-09-23,Neha Patel,neha.patel@example.com,Central,Mobile Phone,Electronics,4,100000.0
220,2024-08-04,Simran Patel,simran.patel@example.com,Central,Mobile Phone,Electronics,3,75000.0
228,2024-09-19,Neha Reddy,neha.reddy@example.com,Central,Mobile Phone,Electronics,2,50000.0
253,2024-02-10,Arjun Patel,arjun.patel@example.com,Central,Mobile Phone,Electronics,5,125000.0
300,2024-06-21,Amit Iyer,amit.iyer@example.com,Central,Mobile Phone,Electronics,5,125000.0
389,2024-10-24,Ravi Chopra,ravi.chopra@example.com,Central,Mobile Phone,Electronics,3,75000.0
394,2024-08-14,Rahul Kumar,rahul.kumar@example.com,Central,Mobile Phone,Electronics,2,50000.0
396,2023-02-28,Sneha Patel,sneha.patel@example.com,Central,Mobile Phone,Electronics,4,100000.0
434,2024-06-01,Karan Mehta,karan.mehta@example.com,Central,Mobile Phone,Electronics,2,50000.0
482,2023-07-10,Simran Iyer,simran.iyer@example.com,Central,Mobile Phone,Electronics,1,25000.0
615,2023-05-30,Amit Iyer,amit.iyer@example.com,Central,Mobile Phone,Electronics,1,25000.0
624,2024-05-17,Ravi Mehta,ravi.mehta@example.com,Central,Mobile Phone,Electronics,3,75000.0
635,2024-06-08,Karan Gupta,karan.gupta@example.com,Central,Mobile Phone,Electronics,1,25000.0
646,2023-02-12,Ravi Singh,ravi.singh@example.com,Central,Mobile Phone,Electronics,2,50000.0
746,2023-01-27,Ravi Verma,ravi.verma@example.com,Central,Mobile Phone,Electronics,2,50000.0
748,2023-08-15,Rahul Kumar,rahul.kumar@example.com,Central,Mobile Phone,Electronics,4,100000.0
750,2024-06-06,Arjun Gupta,arjun.gupta@example.com,Central,Mobile Phone,Electronics,5,125000.0
816,2023-06-29,Ravi Verma,ravi.verma@example.com,Central,Mobile Phone,Electronics,3,75000.0
841,2024-11-17,Ravi Singh,ravi.singh@example.com,Central,Mobile Phone,Electronics,5,125000.0
886,2023-08-26,Amit Reddy,amit.reddy@example.com,Central,Mobile Phone,Electronics,4,100000.0
887,2024-05-04,Priya Reddy,priya.reddy@example.com,Central,Mobile Phone,Electronics,2,50000.0
912,2023-08-23,Pooja Patel,pooja.patel@example.com,Central,Mobile Phone,Electronics,5,125000.0
995,2023-05-31,Neha Iyer,neha.iyer@example.com,Central,Mobile Phone,Electronics,3,75000.0
996,2023-08-12,Karan Iyer,karan.iyer@example.com,Central,Mobile Phone,Electronics,4,100000.0
25,2024-06-21,Simran Iyer,simran.iyer@example.com,West,Mobile Phone,Electronics,1,25000.0
59,2024-12-31,Rahul Sharma,rahul.sharma@example.com,West,Mobile Phone,Electronics,5,125000.0
104,2023-03-09,Neha Verma,neha.verma@example.com,West,Mobile Phone,Electronics,4,100000.0
126,2023-03-04,Priya Mehta,priya.mehta@example.com,West,Mobile Phone,Electronics,1,25000.0
252,2024-06-20,Amit Verma,amit.verma@example.com,West,Mobile Phone,Electronics,5,125000.0
292,2023-01-22,Rahul Singh,rahul.singh@example.com,West,Mobile Phone,Electronics,3,75000.0
313,2023-09-27,Amit Chopra,amit.chopra@example.com,West,Mobile Phone,Electronics,4,100000.0
337,2023-09-19,Ravi Chopra,ravi.chopra@example.com,West,Mobile Phone,Electronics,3,75000.0
343,2023-09-03,Amit Chopra,amit.chopra@example.com,West,Mobile Phone,Electronics,2,50000.0
351,2023-05-22,Ravi Chopra,ravi.chopra@example.com,West,Mobile Phone,Electronics,5,125000.0
363,2023-03-13,Pooja Singh,pooja.singh@example.com,West,Mobile Phone,Electronics,5,125000.0
370,2023-08-04,Ravi Sharma,ravi.sharma@example.com,West,Mobile Phone,Electronics,1,25000.0
378,2024-11-09,Neha Reddy,neha.reddy@example.com,West,Mobile Phone,Electronics,4,100000.0
421,2023-12-26,Karan Mehta,karan.mehta@example.com,West,Mobile Phone,Electronics,4,100000.0
494,2024-11-04,Neha Chopra,neha.chopra@example.com,West,Mobile Phone,Electronics,3,75000.0
499,2023-11-17,Pooja Patel,pooja.patel@example.com,West,Mobile Phone,Electronics,1,25000.0
581,2024-06-01,Amit Gupta,amit.gupta@example.com,West,Mobile Phone,Electronics,2,50000.0
695,2023-06-13,Priya Reddy,priya.reddy@example.com,West,Mobile Phone,Electronics,1,25000.0
717,2023-04-30,Ravi Singh,ravi.singh@example.com,West,Mobile Phone,Electronics,4,100000.0
738,2024-01-03,Simran Sharma,simran.sharma@example.com,West,Mobile Phone,Electronics,4,100000.0
785,2024-12-03,Pooja Reddy,pooja.reddy@example.com,West,Mobile Phone,Electronics,2,50000.0
904,2024-03-23,Pooja Verma,pooja.verma@example.com,West,Mobile Phone,Electronics,4,100000.0
984,2024-10-15,Priya Kumar,priya.kumar@example.com,West,Mobile Phone,Electronics,2,50000.0
71,2023-10-04,Sneha Mehta,sneha.mehta@example.com,East,Mobile Phone,Electronics,3,75000.0
93,2023-07-27,Ravi Verma,ravi.verma@example.com,East,Mobile Phone,Electronics,4,100000.0
123,2023-07-27,Simran Patel,simran.patel@example.com,East,Mobile Phone,Electronics,4,100000.0
153,2024-04-13,Priya Kumar,priya.kumar@example.com,East,Mobile Phone,Electronics,2,50000.0
183,2023-10-26,Karan Iyer,karan.iyer@example.com,East,Mobile Phone,Electronics,4,100000.0
185,2024-08-28,Ravi Chopra,ravi.chopra@example.com,East,Mobile Phone,Electronics,2,50000.0
217,2024-08-13,Sneha Reddy,sneha.reddy@example.com,East,Mobile Phone,Electronics,5,125000.0
290,2024-08-22,Karan Patel,karan.patel@example.com,East,Mobile Phone,Electronics,4,100000.0
331,2024-09-20,Sneha Sharma,sneha.sharma@example.com,East,Mobile Phone,Electronics,2,50000.0
332,2023-04-04,Rahul Kumar,rahul.kumar@example.com,East,Mobile Phone,Electronics,1,25000.0
346,2023-08-09,Neha Iyer,neha.iyer@example.com,East,Mobile Phone,Electronics,1,25000.0
375,2023-07-18,Simran Patel,simran.patel@example.com,East,Mobile Phone,Electronics,4,100000.0
410,2023-10-13,Pooja Singh,pooja.singh@example.com,East,Mobile Phone,Electronics,5,125000.0
431,2024-11-07,Sneha Patel,sneha.patel@example.com,East,Mobile Phone,Electronics,3,75000.0
505,2023-07-24,Rahul Sharma,rahul.sharma@example.com,East,Mobile Phone,Electronics,3,75000.0
569,2023-01-10,Sneha Iyer,sneha.iyer@example.com,East,Mobile Phone,Electronics,3,75000.0
580,2023-08-21,Karan Mehta,karan.mehta@example.com,East,Mobile Phone,Electronics,2,50000.0
591,2023-05-18,Ravi Chopra,ravi.chopra@example.com,East,Mobile Phone,Electronics,4,100000.0
653,2023-06-20,Amit Gupta,amit.gupta@example.com,East,Mobile Phone,Electronics,2,50000.0
678,2023-02-20,Sneha Iyer,sneha.iyer@example.com,East,Mobile Phone,Electronics,5,125000.0
694,2024-09-06,Ravi Verma,ravi.verma@example.com,East,Mobile Phone,Electronics,2,50000.0
732,2023-03-01,Neha Chopra,neha.chopra@example.com,East,Mobile Phone,Electronics,3,75000.0
770,2024-12-09,Priya Reddy,priya.reddy@example.com,East,Mobile Phone,Electronics,4,100000.0
821,2023-10-27,Arjun Reddy,arjun.reddy@example.com,East,Mobile Phone,Electronics,5,125000.0
830,2024-03-10,Sneha Sharma,sneha.sharma@example.com,East,Mobile Phone,Electronics,2,50000.0
845,2023-07-31,Sneha Mehta,sneha.mehta@example.com,East,Mobile Phone,Electronics,4,100000.0
850,2023-01-14,Ravi Mehta,ravi.mehta@example.com,East,Mobile Phone,Electronics,3,75000.0
857,2023-04-16,Simran Singh,simran.singh@example.com,East,Mobile Phone,Electronics,5,125000.0
881,2023-09-18,Sneha Sharma,sneha.sharma@example.com,East,Mobile Phone,Electronics,1,25000.0
906,2024-11-24,Ravi Singh,ravi.singh@example.com,East,Mobile Phone,Electronics,4,100000.0
920,2024-08-07,Karan Iyer,karan.iyer@example.com,East,Mobile Phone,Electronics,3,75000.0
930,2024-10-30,Amit Gupta,amit.gupta@example.com,East,Mobile Phone,Electronics,4,100000.0
936,2024-12-31,Rahul Sharma,rahul.sharma@example.com,East,Mobile Phone,Electronics,4,100000.0
974,2023-09-11,Neha Iyer,neha.iyer@example.com,East,Mobile Phone,Electronics,5,125000.0
976,2024-11-04,Rahul Sharma,rahul.sharma@example.com,East,Mobile Phone,Electronics,2,50000.0
4,2023-07-07,Karan Verma,karan.verma@example.com,South,Mobile Phone,Electronics,4,100000.0
15,2023-11-10,Priya Reddy,priya.reddy@example.com,South,Mobile Phone,Electronics,1,25000.0
21,2023-08-25,Priya Reddy,priya.reddy@example.com,South,Mobile Phone,Electronics,4,100000.0
92,2023-07-08,Priya Reddy,priya.reddy@example.com,South,Mobile Phone,Electronics,4,100000.0
119,2023-10-05,Karan Patel,karan.patel@example.com,South,Mobile Phone,Electronics,2,50000.0
146,2024-07-02,Simran Kumar,simran.kumar@example.com,South,Mobile Phone,Electronics,1,25000.0
181,2023-05-30,Neha Patel,neha.patel@example.com,South,Mobile Phone,Electronics,1,25000.0
187,2024-03-17,Ravi Verma,ravi.verma@example.com,South,Mobile Phone,Electronics,3,75000.0
202,2024-06-17,Priya Reddy,priya.reddy@example.com,South,Mobile Phone,Electronics,2,50000.0
249,2024-09-20,Sneha Patel,sneha.patel@example.com,South,Mobile Phone,Electronics,3,75000.0
327,2024-03-01,Amit Gupta,amit.gupta@example.com,South,Mobile Phone,Electronics,4,100000.0
371,2024-02-22,Ravi Verma,ravi.verma@example.com,South,Mobile Phone,Electronics,5,125000.0
613,2024-02-09,Simran Verma,simran.verma@example.com,South,Mobile Phone,Electronics,1,25000.0
650,2024-02-04,Ravi Mehta,ravi.mehta@example.com,South,Mobile Phone,Electronics,2,50000.0
699,2024-12-09,Pooja Reddy,pooja.reddy@example.com,South,Mobile Phone,Electronics,1,25000.0
720,2023-03-28,Arjun Gupta,arjun.gupta@example.com,South,Mobile Phone,Electronics,2,50000.0
862,2023-10-26,Amit Patel,amit.patel@example.com,South,Mobile Phone,Electronics,5,125000.0
877,2024-11-01,Priya Patel,priya.patel@example.com,South,Mobile Phone,Electronics,1,25000.0
973,2024-11-24,Karan Iyer,karan.iyer@example.com,South,Mobile Phone,Electronics,3,75000.0
986,2024-04-14,Sneha Patel,sneha.patel@example.com,South,Mobile Phone,Electronics,1,25000.0
27,2024-06-15,Karan Mehta,karan.mehta@example.com,North,Mobile Phone,Electronics,4,100000.0
58,2023-09-23,Karan Iyer,karan.iyer@example.com,North,Mobile Phone,Electronics,5,125000.0
89,2023-06-02,Amit Singh,amit.singh@example.com,North,Mobile Phone,Electronics,1,25000.0
91,2023-04-27,Sneha Sharma,sneha.sharma@example.com,North,Mobile Phone,Electronics,3,75000.0
200,2023-08-24,Arjun Patel,arjun.patel@example.com,North,Mobile Phone,Electronics,1,25000.0
353,2023-12-14,Priya Reddy,priya.reddy@example.com,North,Mobile Phone,Electronics,5,125000.0
454,2023-11-06,Arjun Gupta,arjun.gupta@example.com,North,Mobile Phone,Electronics,1,25000.0
463,2024-11-17,Ravi Singh,ravi.singh@example.com,North,Mobile Phone,Electronics,2,50000.0
472,2024-08-08,Ravi Sharma,ravi.sharma@example.com,North,Mobile Phone,Electronics,1,25000.0
485,2024-09-30,Priya Sharma,priya.sharma@example.com,North,Mobile Phone,Electronics,5,125000.0
532,2024-11-15,Rahul Kumar,rahul.kumar@example.com,North,Mobile Phone,Electronics,1,25000.0
549,2023-10-15,Amit Patel,amit.patel@example.com,North,Mobile Phone,Electronics,1,25000.0
573,2024-05-12,Amit Reddy,amit.reddy@example.com,North,Mobile Phone,Electronics,2,50000.0
614,2023-07-03,Ravi Singh,ravi.singh@example.com,North,Mobile Phone,Electronics,5,125000.0
626,2024-07-24,Arjun Patel,arjun.patel@example.com,North,Mobile Phone,Electronics,3,75000.0
705,2023-11-10,Amit Patel,amit.patel@example.com,North,Mobile Phone,Electronics,4,100000.0
706,2024-11-10,Ravi Sharma,ravi.sharma@example.com,North,Mobile Phone,Electronics,5,125000.0
707,2023-06-11,Sneha Chopra,sneha.chopra@example.com,North,Mobile Phone,Electronics,5,125000.0
716,2024-05-05,Karan Gupta,karan.gupta@example.com,North,Mobile Phone,Electronics,1,25000.0
767,2023-08-28,Simran Patel,simran.patel@example.com,North,Mobile Phone,Electronics,3,75000.0
775,2024-03-03,Neha Verma,neha.verma@example.com,North,Mobile Phone,Electronics,3,75000.0
798,2024-02-25,Simran Iyer,simran.iyer@example.com,North,Mobile Phone,Electronics,3,75000.0
849,2023-07-11,Arjun Mehta,arjun.mehta@example.com,North,Mobile Phone,Electronics,5,125000.0
865,2024-11-21,Amit Reddy,amit.reddy@example.com,North,Mobile Phone,Electronics,3,75000.0
868,2024-10-14,Karan Iyer,karan.iyer@example.com,North,Mobile Phone,Electronics,2,50000.0
874,2024-06-19,Ravi Singh,ravi.singh@example.com,North,Mobile Phone,Electronics,4,100000.0
945,2024-12-01,Pooja Iyer,pooja.iyer@example.com,North,Mobile Phone,Electronics,4,100000.0
968,2024-10-13,Ravi Verma,ravi.verma@example.com,North,Mobile Phone,Electronics,3,75000.0
61,2024-12-09,Simran Kumar,simran.kumar@example.com,Central,Headphones,Accessories,2,6000.0
400,2024-08-07,Neha Iyer,neha.iyer@example.com,Central,Headphones,Accessories,4,12000.0
417,2024-08-18,Amit Reddy,amit.reddy@example.com,Central,Headphones,Accessories,5,15000.0
503,2023-04-25,Neha Patel,neha.patel@example.com,Central,Headphones,Accessories,4,12000.0
553,2023-07-12,Sneha Iyer,sneha.iyer@example.com,Central,Headphones,Accessories,2,6000.0
563,2024-03-28,Arjun Patel,arjun.patel@example.com,Central,Headphones,Accessories,3,9000.0
583,2024-05-26,Simran Kumar,simran.kumar@example.com,Central,Headphones,Accessories,5,15000.0
610,2024-06-15,Ravi Verma,ravi.verma@example.com,Central,Headphones,Accessories,1,3000.0
654,2023-12-21,Simran Iyer,simran.iyer@example.com,Central,Headphones,Accessories,3,9000.0
666,2024-10-17,Simran Singh,simran.singh@example.com,Central,Headphones,Accessories,2,6000.0
672,2023-01-26,Karan Gupta,karan.gupta@example.com,Central,Headphones,Accessories,4,12000.0
686,2023-04-13,Ravi Chopra,ravi.chopra@example.com,Central,Headphones,Accessories,3,9000.0
693,2024-08-03,Rahul Singh,rahul.singh@example.com,Central,Headphones,Accessories,3,9000.0
715,2024-05-24,Pooja Iyer,pooja.iyer@example.com,Central,Headphones,Accessories,3,9000.0
756,2023-12-20,Pooja Reddy,pooja.reddy@example.com,Central,Headphones,Accessories,1,3000.0
783,2024-03-20,Sneha Mehta,sneha.mehta@example.com,Central,Headphones,Accessories,1,3000.0
795,2024-01-22,Priya Singh,priya.singh@example.com,Central,Headphones,Accessories,1,3000.0
819,2024-02-14,Simran Kumar,simran.kumar@example.com,Central,Headphones,Accessories,4,12000.0
835,2023-08-26,Simran Patel,simran.patel@example.com,Central,Headphones,Accessories,3,9000.0
854,2024-05-12,Ravi Kumar,ravi.kumar@example.com,Central,Headphones,Accessories,2,6000.0
931,2024-12-22,Arjun Gupta,arjun.gupta@example.com,Central,Headphones,Accessories,3,9000.0
941,2024-10-12,Priya Reddy,priya.reddy@example.com,Central,Headphones,Accessories,4,12000.0
959,2024-09-25,Simran Patel,simran.patel@example.com,Central,Headphones,Accessories,1,3000.0
136,2023-10-18,Neha Reddy,neha.reddy@example.com,West,Headphones,Accessories,5,15000.0
171,2023-06-19,Amit Patel,amit.patel@example.com,West,Headphones,Accessories,5,15000.0
189,2023-03-02,Amit Chopra,amit.chopra@example.com,West,Headphones,Accessories,1,3000.0
237,2023-03-08,Arjun Patel,arjun.patel@example.com,West,Headphones,Accessories,2,6000.0
276,2023-04-05,Amit Reddy,amit.reddy@example.com,West,Headphones,Accessories,3,9000.0
326,2024-04-09,Karan Iyer,karan.iyer@example.com,West,Headphones,Accessories,2,6000.0
365,2023-08-01,Amit Patel,amit.patel@example.com,West,Headphones,Accessories,3,9000.0
445,2024-02-11,Amit Verma,amit.verma@example.com,West,Headphones,Accessories,1,3000.0
476,2024-03-29,Simran Patel,simran.patel@example.com,West,Headphones,Accessories,2,6000.0
480,2024-03-29,Ravi Verma,ravi.verma@example.com,West,Headphones,Accessories,4,12000.0
507,2024-06-12,Ravi Singh,ravi.singh@example.com,West,Headphones,Accessories,3,9000.0
520,2024-09-22,Pooja Verma,pooja.verma@example.com,West,Headphones,Accessories,1,3000.0
533,2024-08-07,Karan Gupta,karan.gupta@example.com,West,Headphones,Accessories,1,3000.0
544,2024-04-26,Neha Verma,neha.verma@example.com,West,Headphones,Accessories,5,15000.0
592,2023-12-16,Pooja Singh,pooja.singh@example.com,West,Headphones,Accessories,4,12000.0
616,2024-01-15,Rahul Kumar,rahul.kumar@example.com,West,Headphones,Accessories,1,3000.0
697,2023-10-07,Priya Sharma,priya.sharma@example.com,West,Headphones,Accessories,3,9000.0
742,2023-08-10,Priya Sharma,priya.sharma@example.com,West,Headphones,Accessories,4,12000.0
823,2024-04-05,Ravi Chopra,ravi.chopra@example.com,West,Headphones,Accessories,2,6000.0
847,2023-10-25,Rahul Singh,rahul.singh@example.com,West,Headphones,Accessories,3,9000.0
922,2023-01-16,Sneha Mehta,sneha.mehta@example.com,West,Headphones,Accessories,1,3000.0
933,2024-04-27,Amit Patel,amit.patel@example.com,West,Headphones,Accessories,3,9000.0
952,2023-07-26,Amit Singh,amit.singh@example.com,West,Headphones,Accessories,3,9000.0
16,2024-12-30,Ravi Verma,ravi.verma@example.com,East,Headphones,Accessories,1,3000.0
64,2024-11-25,Sneha Mehta,sneha.mehta@example.com,East,Headphones,Accessories,3,9000.0
70,2023-09-03,Ravi Singh,ravi.singh@example.com,East,Headphones,Accessories,4,12000.0
110,2023-07-06,Rahul Sharma,rahul.sharma@example.com,East,Headphones,Accessories,2,6000.0
121,2023-01-29,Priya Reddy,priya.reddy@example.com,East,Headphones,Accessories,2,6000.0
159,2024-12-03,Amit Reddy,amit.reddy@example.com,East,Headphones,Accessories,4,12000.0
178,2023-05-28,Rahul Sharma,rahul.sharma@example.com,East,Headphones,Accessories,2,6000.0
198,2023-07-08,Neha Reddy,neha.reddy@example.com,East,Headphones,Accessories,1,3000.0
275,2024-09-15,Simran Patel,simran.patel@example.com,East,Headphones,Accessories,2,6000.0
283,2023-09-08,Ravi Verma,ravi.verma@example.com,East,Headphones,Accessories,4,12000.0
306,2024-07-21,Arjun Reddy,arjun.reddy@example.com,East,Headphones,Accessories,3,9000.0
426,2024-02-21,Sneha Patel,sneha.patel@example.com,East,Headphones,Accessories,5,15000.0
446,2024-03-22,Ravi Singh,ravi.singh@example.com,East,Headphones,Accessories,4,12000.0
449,2024-08-07,Neha Iyer,neha.iyer@example.com,East,Headphones,Accessories,1,3000.0
451,2023-12-12,Rahul Kumar,rahul.kumar@example.com,East,Headphones,Accessories,3,9000.0
518,2024-08-17,Karan Gupta,karan.gupta@example.com,East,Headphones,Accessories,2,6000.0
523,2024-12-12,Amit Reddy,amit.reddy@example.com,East,Headphones,Accessories,3,9000.0
528,2024-09-15,Sneha Sharma,sneha.sharma@example.com,East,Headphones,Accessories,2,6000.0
562,2024-09-01,Amit Chopra,amit.chopra@example.com,East,Headphones,Accessories,2,6000.0
570,2024-01-18,Rahul Kumar,rahul.kumar@example.com,East,Headphones,Accessories,4,12000.0
633,2024-01-13,Priya Patel,priya.patel@example.com,East,Headphones,Accessories,3,9000.0
639,2024-07-29,Neha Verma,neha.verma@example.com,East,Headphones,Accessories,4,12000.0
669,2023-11-03,Ravi Chopra,ravi.chopra@example.com,East,Headphones,Accessories,3,9000.0
712,2023-02-08,Ravi Sharma,ravi.sharma@example.com,East,Headphones,Accessories,3,9000.0
810,2024-04-19,Arjun Mehta,arjun.mehta@example.com,East,Headphones,Accessories,4,12000.0
831,2024-02-27,Pooja Sharma,pooja.sharma@example.com,East,Headphones,Accessories,2,6000.0
858,2023-08-10,Neha Chopra,neha.chopra@example.com,East,Headphones,Accessories,2,6000.0
873,2023-10-12,Arjun Gupta,arjun.gupta@example.com,East,Headphones,Accessories,5,15000.0
901,2023-09-19,Sneha Sharma,sneha.sharma@example.com,East,Headphones,Accessories,1,3000.0
937,2023-09-17,Pooja Verma,pooja.verma@example.com,East,Headphones,Accessories,4,12000.0
8,2023-11-15,Simran Patel,simran.patel@example.com,South,Headphones,Accessories,5,15000.0
10,2024-09-11,Neha Mehta,neha.mehta@example.com,South,Headphones,Accessories,5,15000.0
24,2024-08-28,Ravi Singh,ravi.singh@example.com,South,Headphones,Accessories,4,12000.0
26,2023-01-21,Sneha Iyer,sneha.iyer@example.com,South,Headphones,Accessories,3,9000.0
51,2024-11-24,Arjun Mehta,arjun.mehta@example.com,South,Headphones,Accessories,1,3000.0
56,2023-07-15,Ravi Chopra,ravi.chopra@example.com,South,Headphones,Accessories,4,12000.0
82,2023-04-16,Simran Singh,simran.singh@example.com,South,Headphones,Accessories,2,6000.0
137,2023-02-12,Sneha Patel,sneha.patel@example.com,South,Headphones,Accessories,1,3000.0
180,2023-01-20,Sneha Reddy,sneha.reddy@example.com,South,Headphones,Accessories,1,3000.0
288,2023-07-12,Karan Iyer,karan.iyer@example.com,South,Headphones,Accessories,3,9000.0
366,2024-06-24,Karan Gupta,karan.gupta@example.com,South,Headphones,Accessories,5,15000.0
414,2023-09-19,Neha Reddy,neha.reddy@example.com,South,Headphones,Accessories,4,12000.0
484,2024-11-18,Simran Patel,simran.patel@example.com,South,Headphones,Accessories,5,15000.0
538,2023-04-06,Neha Iyer,neha.iyer@example.com,South,Headphones,Accessories,1,3000.0
568,2023-06-16,Rahul Singh,rahul.singh@example.com,South,Headphones,Accessories,1,3000.0
634,2024-04-03,Amit Patel,amit.patel@example.com,South,Headphones,Accessories,5,15000.0
640,2024-02-21,Simran Sharma,simran.sharma@example.com,South,Headphones,Accessories,5,15000.0
683,2023-08-21,Arjun Reddy,arjun.reddy@example.com,South,Headphones,Accessories,5,15000.0
711,2023-02-16,Priya Singh,priya.singh@example.com,South,Headphones,Accessories,5,15000.0
814,2024-12-26,Neha Chopra,neha.chopra@example.com,South,Headphones,Accessories,4,12000.0
928,2024-10-28,Sneha Sharma,sneha.sharma@example.com,South,Headphones,Accessories,3,9000.0
935,2023-01-06,Rahul Singh,rahul.singh@example.com,South,Headphones,Accessories,2,6000.0
975,2023-09-19,Amit Chopra,amit.chopra@example.com,South,Headphones,Accessories,1,3000.0
5,2024-06-09,Sneha Patel,sneha.patel@example.com,North,Headphones,Accessories,3,9000.0
7,2024-02-22,Ravi Singh,ravi.singh@example.com,North,Headphones,Accessories,3,9000.0
20,2024-10-18,Sneha Patel,sneha.patel@example.com,North,Headphones,Accessories,4,12000.0
22,2024-01-20,Rahul Singh,rahul.singh@example.com,North,Headphones,Accessories,4,12000.0
66,2023-08-31,Amit Chopra,amit.chopra@example.com,North,Headphones,Accessories,3,9000.0
74,2024-05-15,Karan Patel,karan.patel@example.com,North,Headphones,Accessories,4,12000.0
80,2024-06-06,Priya Reddy,priya.reddy@example.com,North,Headphones,Accessories,1,3000.0
127,2024-03-08,Amit Reddy,amit.reddy@example.com,North,Headphones,Accessories,4,12000.0
133,2023-05-03,Ravi Mehta,ravi.mehta@example.com,North,Headphones,Accessories,4,12000.0
154,2023-10-14,Simran Kumar,simran.kumar@example.com,North,Headphones,Accessories,2,6000.0
218,2023-01-03,Arjun Gupta,arjun.gupta@example.com,North,Headphones,Accessories,1,3000.0
243,2024-11-28,Amit Patel,amit.patel@example.com,North,Headphones,Accessories,4,12000.0
286,2024-09-05,Pooja Sharma,pooja.sharma@example.com,North,Headphones,Accessories,2,6000.0
319,2023-10-02,Neha Chopra,neha.chopra@example.com,North,Headphones,Accessories,5,15000.0
397,2024-02-23,Pooja Sharma,pooja.sharma@example.com,North,Headphones,Accessories,4,12000.0
467,2023-04-07,Arjun Patel,arjun.patel@example.com,North,Headphones,Accessories,4,12000.0
481,2024-11-19,Pooja Singh,pooja.singh@example.com,North,Headphones,Accessories,2,6000.0
652,2024-04-23,Sneha Patel,sneha.patel@example.com,North,Headphones,Accessories,1,3000.0
724,2023-08-17,Neha Iyer,neha.iyer@example.com,North,Headphones,Accessories,2,6000.0
808,2023-11-28,Amit Verma,amit.verma@example.com,North,Headphones,Accessories,3,9000.0
891,2024-09-30,Ravi Chopra,ravi.chopra@example.com,North,Headphones,Accessories,5,15000.0
893,2024-08-30,Ravi Mehta,ravi.mehta@example.com,North,Headphones,Accessories,2,6000.0
897,2024-03-28,Ravi Verma,ravi.verma@example.com,North,Headphones,Accessories,2,6000.0
943,2023-05-21,Neha Reddy,neha.reddy@example.com,North,Headphones,Accessories,4,12000.0
950,2024-03-06,Simran Sharma,simran.sharma@example.com,North,Headphones,Accessories,2,6000.0
980,2024-09-17,Sneha Reddy,sneha.reddy@example.com,North,Headphones,Accessories,2,6000.0
2,2024-04-10,Ravi Singh,ravi.singh@example.com,Central,Office Chair,Furniture,4,32000.0
46,2023-04-30,Sneha Reddy,sneha.reddy@example.com,Central,Office Chair,Furniture,2,16000.0
67,2023-04-22,Simran Iyer,simran.iyer@example.com,Central,Office Chair,Furniture,3,24000.0
118,2024-08-30,Sneha Patel,sneha.patel@example.com,Central,Office Chair,Furniture,2,16000.0
177,2024-01-06,Neha Mehta,neha.mehta@example.com,Central,Office Chair,Furniture,1,8000.0
188,2023-08-23,Ravi Chopra,ravi.chopra@example.com,Central,Office Chair,Furniture,2,16000.0
227,2023-08-15,Priya Reddy,priya.reddy@example.com,Central,Office Chair,Furniture,1,8000.0
280,2023-01-17,Simran Kumar,simran.kumar@example.com,Central,Office Chair,Furniture,4,32000.0
334,2023-01-08,Sneha Mehta,sneha.mehta@example.com,Central,Office Chair,Furniture,2,16000.0
373,2024-02-06,Simran Iyer,simran.iyer@example.com,Central,Office Chair,Furniture,5,40000.0
428,2023-01-05,Priya Sharma,priya.sharma@example.com,Central,Office Chair,Furniture,1,8000.0
429,2023-02-19,Priya Reddy,priya.reddy@example.com,Central,Office Chair,Furniture,5,40000.0
455,2024-04-19,Simran Kumar,simran.kumar@example.com,Central,Office Chair,Furniture,4,32000.0
602,2023-03-22,Priya Reddy,priya.reddy@example.com,Central,Office Chair,Furniture,3,24000.0
698,2024-05-06,Sneha Iyer,sneha.iyer@example.com,Central,Office Chair,Furniture,2,16000.0
747,2024-12-26,Karan Iyer,karan.iyer@example.com,Central,Office Chair,Furniture,2,16000.0
776,2024-03-26,Arjun Reddy,arjun.reddy@example.com,Central,Office Chair,Furniture,3,24000.0
826,2024-11-12,Ravi Sharma,ravi.sharma@example.com,Central,Office Chair,Furniture,4,32000.0
859,2024-09-17,Arjun Reddy,arjun.reddy@example.com,Central,Office Chair,Furniture,4,32000.0
903,2024-12-06,Simran Kumar,simran.kumar@example.com,Central,Office Chair,Furniture,3,24000.0
927,2024-02-08,Simran Kumar,simran.kumar@example.com,Central,Office Chair,Furniture,5,40000.0
43,2024-12-03,Pooja Chopra,pooja.chopra@example.com,West,Office Chair,Furniture,1,8000.0
50,2023-04-18,Rahul Sharma,rahul.sharma@example.com,West,Office Chair,Furniture,3,24000.0
103,2023-08-22,Priya Singh,priya.singh@example.com,West,Office Chair,Furniture,1,8000.0
150,2023-03-06,Simran Sharma,simran.sharma@example.com,West,Office Chair,Furniture,1,8000.0
155,2024-07-08,Sneha Patel,sneha.patel@example.com,West,Office Chair,Furniture,3,24000.0
282,2024-11-27,Ravi Sharma,ravi.sharma@example.com,West,Office Chair,Furniture,5,40000.0
284,2024-06-01,Sneha Patel,sneha.patel@example.com,West,Office Chair,Furniture,2,16000.0
287,2023-09-18,Ravi Chopra,ravi.chopra@example.com,West,Office Chair,Furniture,3,24000.0
339,2023-04-07,Amit Verma,amit.verma@example.com,West,Office Chair,Furniture,5,40000.0
368,2023-07-27,Priya Reddy,priya.reddy@example.com,West,Office Chair,Furniture,1,8000.0
384,2023-11-21,Neha Chopra,neha.chopra@example.com,West,Office Chair,Furniture,3,24000.0
386,2023-11-22,Simran Iyer,simran.iyer@example.com,West,Office Chair,Furniture,1,8000.0
411,2023-11-15,Ravi Mehta,ravi.mehta@example.com,West,Office Chair,Furniture,1,8000.0
423,2023-08-10,Sneha Reddy,sneha.reddy@example.com,West,Office Chair,Furniture,2,16000.0
458,2023-05-18,Amit Reddy,amit.reddy@example.com,West,Office Chair,Furniture,2,16000.0
567,2023-06-26,Ravi Reddy,ravi.reddy@example.com,West,Office Chair,Furniture,5,40000.0
665,2024-09-03,Arjun Reddy,arjun.reddy@example.com,West,Office Chair,Furniture,3,24000.0
671,2024-06-22,Pooja Iyer,pooja.iyer@example.com,West,Office Chair,Furniture,2,16000.0
688,2023-03-23,Neha Sharma,neha.sharma@example.com,West,Office Chair,Furniture,1,8000.0
736,2023-11-17,Amit Singh,amit.singh@example.com,West,Office Chair,Furniture,1,8000.0
817,2024-10-26,Pooja Chopra,pooja.chopra@example.com,West,Office Chair,Furniture,4,32000.0
902,2024-12-06,Karan Gupta,karan.gupta@example.com,West,Office Chair,Furniture,3,24000.0
921,2023-10-21,Arjun Mehta,arjun.mehta@example.com,West,Office Chair,Furniture,4,32000.0
68,2023-11-08,Neha Chopra,neha.chopra@example.com,East,Office Chair,Furniture,2,16000.0
75,2024-01-09,Pooja Sharma,pooja.sharma@example.com,East,Office Chair,Furniture,2,16000.0
113,2024-08-10,Pooja Singh,pooja.singh@example.com,East,Office Chair,Furniture,3,24000.0
132,2024-12-18,Sneha Mehta,sneha.mehta@example.com,East,Office Chair,Furniture,5,40000.0
157,2024-01-04,Arjun Patel,arjun.patel@example.com,East,Office Chair,Furniture,3,24000.0
211,2024-12-27,Ravi Reddy,ravi.reddy@example.com,East,Office Chair,Furniture,2,16000.0
258,2024-11-03,Arjun Reddy,arjun.reddy@example.com,East,Office Chair,Furniture,1,8000.0
315,2023-03-03,Amit Patel,amit.patel@example.com,East,Office Chair,Furniture,3,24000.0
342,2023-01-22,Amit Patel,amit.patel@example.com,East,Office Chair,Furniture,5,40000.0
382,2024-05-03,Neha Chopra,neha.chopra@example.com,East,Office Chair,Furniture,1,8000.0
430,2023-02-12,Arjun Reddy,arjun.reddy@example.com,East,Office Chair,Furniture,4,32000.0
452,2024-03-13,Sneha Mehta,sneha.mehta@example.com,East,Office Chair,Furniture,5,40000.0
453,2023-10-08,Sneha Reddy,sneha.reddy@example.com,East,Office Chair,Furniture,5,40000.0
473,2024-11-09,Simran Sharma,simran.sharma@example.com,East,Office Chair,Furniture,2,16000.0
489,2024-01-15,Neha Reddy,neha.reddy@example.com,East,Office Chair,Furniture,3,24000.0
498,2024-06-19,Amit Chopra,amit.chopra@example.com,East,Office Chair,Furniture,2,16000.0
524,2023-12-21,Sneha Patel,sneha.patel@example.com,East,Office Chair,Furniture,3,24000.0
547,2024-11-28,Simran Kumar,simran.kumar@example.com,East,Office Chair,Furniture,2,16000.0
578,2023-09-26,Ravi Verma,ravi.verma@example.com,East,Office Chair,Furniture,1,8000.0
620,2024-05-29,Simran Iyer,simran.iyer@example.com,East,Office Chair,Furniture,3,24000.0
765,2024-07-13,Neha Mehta,neha.mehta@example.com,East,Office Chair,Furniture,2,16000.0
867,2024-12-13,Pooja Verma,pooja.verma@example.com,East,Office Chair,Furniture,2,16000.0
883,2023-04-30,Simran Patel,simran.patel@example.com,East,Office Chair,Furniture,3,24000.0
942,2024-11-13,Ravi Sharma,ravi.sharma@example.com,East,Office Chair,Furniture,1,8000.0
84,2024-10-16,Priya Patel,priya.patel@example.com,South,Office Chair,Furniture,2,16000.0
114,2023-05-31,Sneha Reddy,sneha.reddy@example.com,South,Office Chair,Furniture,2,16000.0
162,2024-04-16,Amit Patel,amit.patel@example.com,South,Office Chair,Furniture,1,8000.0
274,2024-08-11,Rahul Kumar,rahul.kumar@example.com,South,Office Chair,Furniture,5,40000.0
305,2024-08-01,Amit Iyer,amit.iyer@example.com,South,Office Chair,Furniture,2,16000.0
329,2024-10-06,Sneha Sharma,sneha.sharma@example.com,South,Office Chair,Furniture,1,8000.0
333,2023-07-05,Ravi Verma,ravi.verma@example.com,South,Office Chair,Furniture,5,40000.0
361,2023-04-20,Amit Patel,amit.patel@example.com,South,Office Chair,Furniture,2,16000.0
398,2023-08-30,Amit Verma,amit.verma@example.com,South,Office Chair,Furniture,1,8000.0
424,2024-01-16,Sneha Sharma,sneha.sharma@example.com,South,Office Chair,Furniture,2,16000.0
510,2024-08-01,Simran Kumar,simran.kumar@example.com,South,Office Chair,Furniture,2,16000.0
555,2023-07-22,Simran Kumar,simran.kumar@example.com,South,Office Chair,Furniture,1,8000.0
572,2023-07-02,Karan Gupta,karan.gupta@example.com,South,Office Chair,Furniture,4,32000.0
590,2024-12-19,Priya Kumar,priya.kumar@example.com,South,Office Chair,Furniture,2,16000.0
631,2024-05-21,Priya Reddy,priya.reddy@example.com,South,Office Chair,Furniture,2,16000.0
637,2024-11-09,Rahul Sharma,rahul.sharma@example.com,South,Office Chair,Furniture,5,40000.0
825,2023-11-29,Ravi Kumar,ravi.kumar@example.com,South,Office Chair,Furniture,3,24000.0
827,2023-03-26,Rahul Singh,rahul.singh@example.com,South,Office Chair,Furniture,5,40000.0
861,2024-08-26,Neha Reddy,neha.reddy@example.com,South,Office Chair,Furniture,5,40000.0
962,2024-05-25,Neha Reddy,neha.reddy@example.com,South,Office Chair,Furniture,3,24000.0
981,2023-11-28,Neha Chopra,neha.chopra@example.com,South,Office Chair,Furniture,4,32000.0
72,2023-09-03,Sneha Sharma,sneha.sharma@example.com,North,Office Chair,Furniture,5,40000.0
134,2023-06-28,Simran Iyer,simran.iyer@example.com,North,Office Chair,Furniture,4,32000.0
241,2024-02-19,Sneha Patel,sneha.patel@example.com,North,Office Chair,Furniture,5,40000.0
246,2024-09-28,Pooja Chopra,pooja.chopra@example.com,North,Office Chair,Furniture,4,32000.0
312,2023-11-30,Sneha Sharma,sneha.sharma@example.com,North,Office Chair,Furniture,3,24000.0
442,2024-12-30,Sneha Reddy,sneha.reddy@example.com,North,Office Chair,Furniture,3,24000.0
471,2023-11-10,Priya Singh,priya.singh@example.com,North,Office Chair,Furniture,5,40000.0
556,2024-09-16,Karan Mehta,karan.mehta@example.com,North,Office Chair,Furniture,1,8000.0
596,2024-02-18,Rahul Sharma,rahul.sharma@example.com,North,Office Chair,Furniture,3,24000.0
622,2023-11-04,Karan Verma,karan.verma@example.com,North,Office Chair,Furniture,2,16000.0
780,2023-06-30,Amit Singh,amit.singh@example.com,North,Office Chair,Furniture,5,40000.0
869,2023-12-11,Simran Iyer,simran.iyer@example.com,North,Office Chair,Furniture,3,24000.0
888,2024-03-07,Ravi Singh,ravi.singh@example.com,North,Office Chair,Furniture,1,8000.0
918,2023-05-19,Ravi Verma,ravi.verma@example.com,North,Office Chair,Furniture,4,32000.0
955,2024-09-22,Karan Iyer,karan.iyer@example.com,North,Office Chair,Furniture,3,24000.0
960,2024-12-12,Amit Patel,amit.patel@example.com,North,Office Chair,Furniture,5,40000.0
987,2023-11-21,Neha Reddy,neha.reddy@example.com,North,Office Chair,Furniture,4,32000.0
23,2023-12-14,Rahul Sharma,rahul.sharma@example.com,Central,Desk Lamp,Furniture,4,8000.0
83,2024-03-19,Neha Chopra,neha.chopra@example.com,Central,Desk Lamp,Furniture,3,6000.0
148,2023-03-12,Sneha Mehta,sneha.mehta@example.com,Central,Desk Lamp,Furniture,2,4000.0
152,2023-04-06,Karan Gupta,karan.gupta@example.com,Central,Desk Lamp,Furniture,5,10000.0
161,2024-12-27,Neha Mehta,neha.mehta@example.com,Central,Desk Lamp,Furniture,5,10000.0
212,2024-06-06,Rahul Singh,rahul.singh@example.com,Central,Desk Lamp,Furniture,2,4000.0
224,2024-08-28,Neha Chopra,neha.chopra@example.com,Central,Desk Lamp,Furniture,4,8000.0
316,2024-03-30,Amit Patel,amit.patel@example.com,Central,Desk Lamp,Furniture,3,6000.0
537,2023-04-15,Neha Iyer,neha.iyer@example.com,Central,Desk Lamp,Furniture,5,10000.0
542,2024-04-23,Pooja Iyer,pooja.iyer@example.com,Central,Desk Lamp,Furniture,2,4000.0
644,2023-10-26,Neha Chopra,neha.chopra@example.com,Central,Desk Lamp,Furniture,1,2000.0
696,2023-07-15,Rahul Singh,rahul.singh@example.com,Central,Desk Lamp,Furniture,3,6000.0
722,2023-05-04,Sneha Mehta,sneha.mehta@example.com,Central,Desk Lamp,Furniture,3,6000.0
728,2023-02-05,Rahul Sharma,rahul.sharma@example.com,Central,Desk Lamp,Furniture,4,8000.0
758,2024-09-11,Karan Verma,karan.verma@example.com,Central,Desk Lamp,Furniture,4,8000.0
884,2024-12-28,Sneha Patel,sneha.patel@example.com,Central,Desk Lamp,Furniture,4,8000.0
890,2023-10-19,Priya Reddy,priya.reddy@example.com,Central,Desk Lamp,Furniture,5,10000.0
900,2023-08-08,Rahul Sharma,rahul.sharma@example.com,Central,Desk Lamp,Furniture,1,2000.0
905,2023-03-22,Neha Iyer,neha.iyer@example.com,Central,Desk Lamp,Furniture,5,10000.0
925,2023-07-20,Amit Verma,amit.verma@example.com,Central,Desk Lamp,Furniture,2,4000.0
970,2023-11-29,Sneha Mehta,sneha.mehta@example.com,Central,Desk Lamp,Furniture,2,4000.0
17,2024-04-06,Priya Mehta,priya.mehta@example.com,West,Desk Lamp,Furniture,5,10000.0
39,2024-07-15,Sneha Reddy,sneha.reddy@example.com,West,Desk Lamp,Furniture,1,2000.0
79,2024-11-02,Arjun Patel,arjun.patel@example.com,West,Desk Lamp,Furniture,5,10000.0
106,2023-02-25,Ravi Singh,ravi.singh@example.com,West,Desk Lamp,Furniture,5,10000.0
120,2024-10-08,Arjun Gupta,arjun.gupta@example.com,West,Desk Lamp,Furniture,3,6000.0
125,2024-05-20,Karan Mehta,karan.mehta@example.com,West,Desk Lamp,Furniture,2,4000.0
176,2023-11-09,Amit Patel,amit.patel@example.com,West,Desk Lamp,Furniture,3,6000.0
208,2024-02-05,Simran Iyer,simran.iyer@example.com,West,Desk Lamp,Furniture,2,4000.0
272,2024-03-17,Amit Verma,amit.verma@example.com,West,Desk Lamp,Furniture,1,2000.0
281,2024-12-06,Arjun Patel,arjun.patel@example.com,West,Desk Lamp,Furniture,5,10000.0
323,2023-09-22,Sneha Mehta,sneha.mehta@example.com,West,Desk Lamp,Furniture,2,4000.0
335,2023-03-01,Amit Iyer,amit.iyer@example.com,West,Desk Lamp,Furniture,5,10000.0
376,2024-05-24,Arjun Patel,arjun.patel@example.com,West,Desk Lamp,Furniture,5,10000.0
390,2023-05-23,Karan Patel,karan.patel@example.com,West,Desk Lamp,Furniture,1,2000.0
422,2023-03-17,Neha Reddy,neha.reddy@example.com,West,Desk Lamp,Furniture,1,2000.0
515,2023-08-14,Priya Reddy,priya.reddy@example.com,West,Desk Lamp,Furniture,4,8000.0
628,2024-07-24,Ravi Singh,ravi.singh@example.com,West,Desk Lamp,Furniture,1,2000.0
700,2023-12-28,Amit Patel,amit.patel@example.com,West,Desk Lamp,Furniture,5,10000.0
768,2024-11-28,Karan Gupta,karan.gupta@example.com,West,Desk Lamp,Furniture,3,6000.0
843,2024-11-03,Simran Singh,simran.singh@example.com,West,Desk Lamp,Furniture,3,6000.0
876,2023-07-02,Simran Iyer,simran.iyer@example.com,West,Desk Lamp,Furniture,3,6000.0
940,2024-02-07,Ravi Reddy,ravi.reddy@example.com,West,Desk Lamp,Furniture,4,8000.0
81,2024-01-24,Simran Patel,simran.patel@example.com,East,Desk Lamp,Furniture,3,6000.0
143,2023-10-13,Simran Patel,simran.patel@example.com,East,Desk Lamp,Furniture,5,10000.0
144,2023-03-03,Ravi Mehta,ravi.mehta@example.com,East,Desk Lamp,Furniture,2,4000.0
145,2023-08-09,Priya Singh,priya.singh@example.com,East,Desk Lamp,Furniture,4,8000.0
163,2024-02-20,Ravi Verma,ravi.verma@example.com,East,Desk Lamp,Furniture,4,8000.0
164,2024-03-10,Karan Iyer,karan.iyer@example.com,East,Desk Lamp,Furniture,5,10000.0
169,2023-09-27,Simran Iyer,simran.iyer@example.com,East,Desk Lamp,Furniture,4,8000.0
195,2024-03-02,Pooja Chopra,pooja.chopra@example.com,East,Desk Lamp,Furniture,1,2000.0
223,2024-01-13,Sneha Mehta,sneha.mehta@example.com,East,Desk Lamp,Furniture,4,8000.0
314,2024-05-29,Sneha Iyer,sneha.iyer@example.com,East,Desk Lamp,Furniture,4,8000.0
321,2023-08-04,Sneha Mehta,sneha.mehta@example.com,East,Desk Lamp,Furniture,2,4000.0
322,2024-10-26,Amit Verma,amit.verma@example.com,East,Desk Lamp,Furniture,4,8000.0
341,2024-12-22,Arjun Gupta,arjun.gupta@example.com,East,Desk Lamp,Furniture,2,4000.0
345,2023-03-13,Amit Gupta,amit.gupta@example.com,East,Desk Lamp,Furniture,5,10000.0
360,2024-11-25,Rahul Kumar,rahul.kumar@example.com,East,Desk Lamp,Furniture,4,8000.0
377,2024-03-28,Amit Reddy,amit.reddy@example.com,East,Desk Lamp,Furniture,3,6000.0
565,2023-03-15,Arjun Gupta,arjun.gupta@example.com,East,Desk Lamp,Furniture,4,8000.0
651,2024-08-09,Arjun Gupta,arjun.gupta@example.com,East,Desk Lamp,Furniture,4,8000.0
692,2024-07-08,Sneha Patel,sneha.patel@example.com,East,Desk Lamp,Furniture,3,6000.0
701,2023-02-08,Sneha Sharma,sneha.sharma@example.com,East,Desk Lamp,Furniture,2,4000.0
839,2024-01-22,Arjun Patel,arjun.patel@example.com,East,Desk Lamp,Furniture,3,6000.0
863,2024-12-01,Arjun Patel,arjun.patel@example.com,East,Desk Lamp,Furniture,2,4000.0
875,2023-10-26,Sneha Sharma,sneha.sharma@example.com,East,Desk Lamp,Furniture,4,8000.0
909,2024-08-10,Sneha Reddy,sneha.reddy@example.com,East,Desk Lamp,Furniture,4,8000.0
917,2023-05-12,Amit Patel,amit.patel@example.com,East,Desk Lamp,Furniture,1,2000.0
11,2023-01-10,Rahul Kumar,rahul.kumar@example.com,South,Desk Lamp,Furniture,2,4000.0
34,2023-05-23,Neha Mehta,neha.mehta@example.com,South,Desk Lamp,Furniture,1,2000.0
35,2023-07-27,Simran Iyer,simran.iyer@example.com,South,Desk Lamp,Furniture,4,8000.0
172,2024-09-19,Karan Gupta,karan.gupta@example.com,South,Desk Lamp,Furniture,1,2000.0
175,2024-07-31,Karan Iyer,karan.iyer@example.com,South,Desk Lamp,Furniture,2,4000.0
344,2024-11-26,Ravi Kumar,ravi.kumar@example.com,South,Desk Lamp,Furniture,3,6000.0
379,2024-02-20,Arjun Gupta,arjun.gupta@example.com,South,Desk Lamp,Furniture,3,6000.0
459,2023-01-30,Simran Iyer,simran.iyer@example.com,South,Desk Lamp,Furniture,4,8000.0
526,2024-09-25,Priya Mehta,priya.mehta@example.com,South,Desk Lamp,Furniture,5,10000.0
649,2023-02-26,Sneha Sharma,sneha.sharma@example.com,South,Desk Lamp,Furniture,1,2000.0
691,2024-05-18,Arjun Patel,arjun.patel@example.com,South,Desk Lamp,Furniture,1,2000.0
726,2024-10-07,Simran Iyer,simran.iyer@example.com,South,Desk Lamp,Furniture,3,6000.0
755,2024-06-05,Ravi Sharma,ravi.sharma@example.com,South,Desk Lamp,Furniture,1,2000.0
829,2023-11-07,Neha Chopra,neha.chopra@example.com,South,Desk Lamp,Furniture,2,4000.0
840,2023-04-04,Sneha Chopra,sneha.chopra@example.com,South,Desk Lamp,Furniture,4,8000.0
846,2024-04-30,Amit Chopra,amit.chopra@example.com,South,Desk Lamp,Furniture,5,10000.0
856,2023-08-31,Neha Chopra,neha.chopra@example.com,South,Desk Lamp,Furniture,4,8000.0
860,2023-05-19,Priya Patel,priya.patel@example.com,South,Desk Lamp,Furniture,2,4000.0
892,2023-07-31,Amit Singh,amit.singh@example.com,South,Desk Lamp,Furniture,4,8000.0
29,2024-07-19,Sneha Patel,sneha.patel@example.com,North,Desk Lamp,Furniture,4,8000.0
49,2024-11-18,Ravi Kumar,ravi.kumar@example.com,North,Desk Lamp,Furniture,5,10000.0
174,2024-02-27,Arjun Gupta,arjun.gupta@example.com,North,Desk Lamp,Furniture,1,2000.0
205,2023-07-29,Neha Reddy,neha.reddy@example.com,North,Desk Lamp,Furniture,2,4000.0
221,2024-01-13,Simran Kumar,simran.kumar@example.com,North,Desk Lamp,Furniture,1,2000.0
259,2024-07-26,Amit Reddy,amit.reddy@example.com,North,Desk Lamp,Furniture,3,6000.0
267,2024-01-29,Neha Sharma,neha.sharma@example.com,North,Desk Lamp,Furniture,2,4000.0
295,2024-01-23,Sneha Patel,sneha.patel@example.com,North,Desk Lamp,Furniture,3,6000.0
324,2023-09-20,Arjun Reddy,arjun.reddy@example.com,North,Desk Lamp,Furniture,4,8000.0
330,2023-09-18,Pooja Verma,pooja.verma@example.com,North,Desk Lamp,Furniture,1,2000.0
350,2024-05-29,Arjun Patel,arjun.patel@example.com,North,Desk Lamp,Furniture,5,10000.0
374,2024-07-04,Sneha Patel,sneha.patel@example.com,North,Desk Lamp,Furniture,1,2000.0
380,2023-06-18,Simran Iyer,simran.iyer@example.com,North,Desk Lamp,Furniture,4,8000.0
412,2024-09-11,Amit Gupta,amit.gupta@example.com,North,Desk Lamp,Furniture,2,4000.0
437,2024-11-07,Ravi Sharma,ravi.sharma@example.com,North,Desk Lamp,Furniture,3,6000.0
460,2023-03-16,Simran Verma,simran.verma@example.com,North,Desk Lamp,Furniture,2,4000.0
461,2023-06-04,Sneha Sharma,sneha.sharma@example.com,North,Desk Lamp,Furniture,1,2000.0
531,2023-04-25,Amit Reddy,amit.reddy@example.com,North,Desk Lamp,Furniture,3,6000.0
554,2024-01-05,Simran Patel,simran.patel@example.com,North,Desk Lamp,Furniture,5,10000.0
629,2024-07-10,Ravi Reddy,ravi.reddy@example.com,North,Desk Lamp,Furniture,5,10000.0
641,2023-02-17,Arjun Gupta,arjun.gupta@example.com,North,Desk Lamp,Furniture,5,10000.0
677,2024-09-04,Simran Patel,simran.patel@example.com,North,Desk Lamp,Furniture,4,8000.0
704,2023-11-27,Priya Reddy,priya.reddy@example.com,North,Desk Lamp,Furniture,3,6000.0
772,2023-05-06,Rahul Sharma,rahul.sharma@example.com,North,Desk Lamp,Furniture,4,8000.0
834,2024-02-05,Sneha Sharma,sneha.sharma@example.com,North,Desk Lamp,Furniture,2,4000.0
914,2024-01-17,Ravi Reddy,ravi.reddy@example.com,North,Desk Lamp,Furniture,3,6000.0
926,2024-09-15,Amit Patel,amit.patel@example.com,North,Desk Lamp,Furniture,4,8000.0
932,2024-07-04,Simran Sharma,simran.sharma@example.com,North,Desk Lamp,Furniture,3,6000.0
971,2024-04-16,Rahul Kumar,rahul.kumar@example.com,North,Desk Lamp,Furniture,1,2000.0
18,2023-10-14,Priya Kumar,priya.kumar@example.com,Central,Monitor,Electronics,2,24000.0
30,2024-05-09,Sneha Chopra,sneha.chopra@example.com,Central,Monitor,Electronics,2,24000.0
41,2023-04-21,Karan Gupta,karan.gupta@example.com,Central,Monitor,Electronics,2,24000.0
45,2023-08-23,Priya Reddy,priya.reddy@example.com,Central,Monitor,Electronics,3,36000.0
76,2024-11-13,Amit Singh,amit.singh@example.com,Central,Monitor,Electronics,3,36000.0
90,2023-06-07,Sneha Chopra,sneha.chopra@example.com,Central,Monitor,Electronics,4,48000.0
166,2023-05-22,Rahul Singh,rahul.singh@example.com,Central,Monitor,Electronics,4,48000.0
201,2023-06-24,Simran Sharma,simran.sharma@example.com,Central,Monitor,Electronics,2,24000.0
239,2024-07-13,Arjun Patel,arjun.patel@example.com,Central,Monitor,Electronics,3,36000.0
247,2024-09-26,Rahul Sharma,rahul.sharma@example.com,Central,Monitor,Electronics,4,48000.0
250,2024-02-19,Sneha Reddy,sneha.reddy@example.com,Central,Monitor,Electronics,4,48000.0
271,2024-06-30,Sneha Sharma,sneha.sharma@example.com,Central,Monitor,Electronics,3,36000.0
311,2024-09-22,Neha Iyer,neha.iyer@example.com,Central,Monitor,Electronics,5,60000.0
354,2023-08-24,Neha Patel,neha.patel@example.com,Central,Monitor,Electronics,5,60000.0
409,2023-03-07,Karan Gupta,karan.gupta@example.com,Central,Monitor,Electronics,5,60000.0
486,2023-09-26,Amit Chopra,amit.chopra@example.com,Central,Monitor,Electronics,5,60000.0
496,2023-04-05,Priya Singh,priya.singh@example.com,Central,Monitor,Electronics,3,36000.0
632,2023-05-16,Ravi Verma,ravi.verma@example.com,Central,Monitor,Electronics,5,60000.0
636,2024-04-27,Arjun Patel,arjun.patel@example.com,Central,Monitor,Electronics,5,60000.0
739,2023-04-11,Neha Iyer,neha.iyer@example.com,Central,Monitor,Electronics,4,48000.0
740,2023-04-15,Arjun Singh,arjun.singh@example.com,Central,Monitor,Electronics,5,60000.0
760,2024-08-02,Rahul Singh,rahul.singh@example.com,Central,Monitor,Electronics,1,12000.0
766,2023-05-23,Neha Chopra,neha.chopra@example.com,Central,Monitor,Electronics,4,48000.0
820,2024-09-08,Rahul Kumar,rahul.kumar@example.com,Central,Monitor,Electronics,4,48000.0
851,2024-08-31,Rahul Sharma,rahul.sharma@example.com,Central,Monitor,Electronics,5,60000.0
899,2024-05-17,Simran Iyer,simran.iyer@example.com,Central,Monitor,Electronics,1,12000.0
957,2023-09-24,Simran Kumar,simran.kumar@example.com,Central,Monitor,Electronics,3,36000.0
19,2024-01-15,Priya Reddy,priya.reddy@example.com,West,Monitor,Electronics,5,60000.0
53,2024-08-13,Neha Reddy,neha.reddy@example.com,West,Monitor,Electronics,3,36000.0
122,2023-07-23,Priya Mehta,priya.mehta@example.com,West,Monitor,Electronics,3,36000.0
209,2024-07-15,Simran Kumar,simran.kumar@example.com,West,Monitor,Electronics,2,24000.0
214,2023-09-10,Simran Patel,simran.patel@example.com,West,Monitor,Electronics,4,48000.0
222,2023-05-18,Priya Reddy,priya.reddy@example.com,West,Monitor,Electronics,5,60000.0
279,2024-12-13,Amit Patel,amit.patel@example.com,West,Monitor,Electronics,5,60000.0
357,2023-01-26,Simran Iyer,simran.iyer@example.com,West,Monitor,Electronics,2,24000.0
372,2023-10-18,Simran Kumar,simran.kumar@example.com,West,Monitor,Electronics,5,60000.0
529,2023-07-07,Amit Iyer,amit.iyer@example.com,West,Monitor,Electronics,4,48000.0
534,2024-08-01,Rahul Singh,rahul.singh@example.com,West,Monitor,Electronics,4,48000.0
593,2024-05-27,Rahul Sharma,rahul.sharma@example.com,West,Monitor,Electronics,4,48000.0
600,2023-01-31,Amit Patel,amit.patel@example.com,West,Monitor,Electronics,1,12000.0
605,2024-01-04,Karan Iyer,karan.iyer@example.com,West,Monitor,Electronics,4,48000.0
607,2023-10-17,Rahul Sharma,rahul.sharma@example.com,West,Monitor,Electronics,1,12000.0
627,2023-08-23,Priya Reddy,priya.reddy@example.com,West,Monitor,Electronics,1,12000.0
679,2023-08-15,Sneha Mehta,sneha.mehta@example.com,West,Monitor,Electronics,5,60000.0
733,2023-04-30,Pooja Singh,pooja.singh@example.com,West,Monitor,Electronics,4,48000.0
753,2024-05-22,Priya Reddy,priya.reddy@example.com,West,Monitor,Electronics,3,36000.0
797,2024-12-02,Simran Patel,simran.patel@example.com,West,Monitor,Electronics,1,12000.0
65,2024-05-24,Simran Patel,simran.patel@example.com,East,Monitor,Electronics,3,36000.0
102,2023-12-17,Ravi Verma,ravi.verma@example.com,East,Monitor,Electronics,1,12000.0
111,2024-01-25,Amit Patel,amit.patel@example.com,East,Monitor,Electronics,4,48000.0
116,2024-12-11,Sneha Sharma,sneha.sharma@example.com,East,Monitor,Electronics,4,48000.0
151,2023-08-11,Karan Iyer,karan.iyer@example.com,East,Monitor,Electronics,5,60000.0
203,2024-10-22,Ravi Chopra,ravi.chopra@example.com,East,Monitor,Electronics,4,48000.0
236,2023-03-04,Ravi Mehta,ravi.mehta@example.com,East,Monitor,Electronics,1,12000.0
257,2024-02-18,Arjun Mehta,arjun.mehta@example.com,East,Monitor,Electronics,4,48000.0
270,2024-11-14,Arjun Patel,arjun.patel@example.com,East,Monitor,Electronics,2,24000.0
298,2023-10-18,Neha Mehta,neha.mehta@example.com,East,Monitor,Electronics,1,12000.0
318,2023-02-23,Amit Verma,amit.verma@example.com,East,Monitor,Electronics,3,36000.0
415,2024-09-10,Neha Verma,neha.verma@example.com,East,Monitor,Electronics,2,24000.0
418,2024-07-14,Ravi Singh,ravi.singh@example.com,East,Monitor,Electronics,3,36000.0
438,2023-06-29,Priya Sharma,priya.sharma@example.com,East,Monitor,Electronics,3,36000.0
561,2024-03-13,Priya Sharma,priya.sharma@example.com,East,Monitor,Electronics,5,60000.0
588,2023-12-18,Karan Gupta,karan.gupta@example.com,East,Monitor,Electronics,3,36000.0
594,2023-10-03,Sneha Patel,sneha.patel@example.com,East,Monitor,Electronics,2,24000.0
618,2024-04-25,Karan Sharma,karan.sharma@example.com,East,Monitor,Electronics,5,60000.0
642,2024-12-16,Simran Iyer,simran.iyer@example.com,East,Monitor,Electronics,5,60000.0
674,2024-06-18,Karan Patel,karan.patel@example.com,East,Monitor,Electronics,1,12000.0
751,2023-05-19,Priya Reddy,priya.reddy@example.com,East,Monitor,Electronics,3,36000.0
777,2024-06-02,Neha Chopra,neha.chopra@example.com,East,Monitor,Electronics,1,12000.0
778,2023-09-29,Sneha Patel,sneha.patel@example.com,East,Monitor,Electronics,5,60000.0
786,2024-03-22,Neha Patel,neha.patel@example.com,East,Monitor,Electronics,1,12000.0
791,2023-06-02,Karan Iyer,karan.iyer@example.com,East,Monitor,Electronics,4,48000.0
812,2024-10-17,Ravi Reddy,ravi.reddy@example.com,East,Monitor,Electronics,4,48000.0
818,2024-04-24,Amit Patel,amit.patel@example.com,East,Monitor,Electronics,3,36000.0
828,2023-11-14,Priya Reddy,priya.reddy@example.com,East,Monitor,Electronics,1,12000.0
872,2023-02-13,Rahul Kumar,rahul.kumar@example.com,East,Monitor,Electronics,1,12000.0
944,2024-05-09,Sneha Mehta,sneha.mehta@example.com,East,Monitor,Electronics,1,12000.0
965,2023-11-12,Amit Reddy,amit.reddy@example.com,East,Monitor,Electronics,5,60000.0
88,2023-12-05,Amit Patel,amit.patel@example.com,South,Monitor,Electronics,1,12000.0
129,2024-05-27,Pooja Reddy,pooja.reddy@example.com,South,Monitor,Electronics,3,36000.0
149,2024-12-06,Amit Reddy,amit.reddy@example.com,South,Monitor,Electronics,3,36000.0
165,2024-07-15,Pooja Sharma,pooja.sharma@example.com,South,Monitor,Electronics,2,24000.0
199,2023-07-18,Ravi Verma,ravi.verma@example.com,South,Monitor,Electronics,4,48000.0
204,2024-09-04,Sneha Sharma,sneha.sharma@example.com,South,Monitor,Electronics,1,12000.0
207,2023-02-20,Pooja Singh,pooja.singh@example.com,South,Monitor,Electronics,4,48000.0
285,2023-03-03,Arjun Mehta,arjun.mehta@example.com,South,Monitor,Electronics,3,36000.0
291,2023-03-18,Neha Reddy,neha.reddy@example.com,South,Monitor,Electronics,5,60000.0
299,2024-11-15,Sneha Mehta,sneha.mehta@example.com,South,Monitor,Electronics,2,24000.0
308,2023-11-30,Priya Mehta,priya.mehta@example.com,South,Monitor,Electronics,1,12000.0
317,2023-02-27,Pooja Sharma,pooja.sharma@example.com,South,Monitor,Electronics,3,36000.0
338,2024-07-20,Pooja Sharma,pooja.sharma@example.com,South,Monitor,Electronics,2,24000.0
359,2024-06-19,Sneha Reddy,sneha.reddy@example.com,South,Monitor,Electronics,3,36000.0
408,2024-11-20,Karan Gupta,karan.gupta@example.com,South,Monitor,Electronics,1,12000.0
440,2024-11-05,Simran Iyer,simran.iyer@example.com,South,Monitor,Electronics,1,12000.0
497,2024-07-06,Sneha Chopra,sneha.chopra@example.com,South,Monitor,Electronics,4,48000.0
500,2024-11-20,Neha Verma,neha.verma@example.com,South,Monitor,Electronics,4,48000.0
543,2024-08-15,Karan Verma,karan.verma@example.com,South,Monitor,Electronics,3,36000.0
662,2024-09-30,Arjun Gupta,arjun.gupta@example.com,South,Monitor,Electronics,1,12000.0
681,2023-05-18,Neha Iyer,neha.iyer@example.com,South,Monitor,Electronics,1,12000.0
684,2024-10-11,Amit Chopra,amit.chopra@example.com,South,Monitor,Electronics,1,12000.0
721,2023-03-14,Amit Patel,amit.patel@example.com,South,Monitor,Electronics,4,48000.0
735,2024-09-29,Karan Mehta,karan.mehta@example.com,South,Monitor,Electronics,1,12000.0
782,2023-03-10,Priya Reddy,priya.reddy@example.com,South,Monitor,Electronics,5,60000.0
801,2023-08-08,Ravi Verma,ravi.verma@example.com,South,Monitor,Electronics,1,12000.0
895,2024-09-30,Karan Iyer,karan.iyer@example.com,South,Monitor,Electronics,2,24000.0
916,2023-01-17,Simran Iyer,simran.iyer@example.com,South,Monitor,Electronics,1,12000.0
100,2024-09-06,Neha Chopra,neha.chopra@example.com,North,Monitor,Electronics,4,48000.0
101,2023-11-24,Simran Iyer,simran.iyer@example.com,North,Monitor,Electronics,2,24000.0
140,2023-07-02,Priya Sharma,priya.sharma@example.com,North,Monitor,Electronics,5,60000.0
206,2023-09-17,Karan Patel,karan.patel@example.com,North,Monitor,Electronics,2,24000.0
216,2024-07-18,Priya Patel,priya.patel@example.com,North,Monitor,Electronics,2,24000.0
225,2024-10-14,Rahul Sharma,rahul.sharma@example.com,North,Monitor,Electronics,2,24000.0
231,2023-07-11,Neha Iyer,neha.iyer@example.com,North,Monitor,Electronics,5,60000.0
240,2024-01-15,Neha Sharma,neha.sharma@example.com,North,Monitor,Electronics,3,36000.0
244,2023-07-02,Amit Gupta,amit.gupta@example.com,North,Monitor,Electronics,5,60000.0
256,2023-12-23,Ravi Singh,ravi.singh@example.com,North,Monitor,Electronics,3,36000.0
264,2024-09-27,Priya Singh,priya.singh@example.com,North,Monitor,Electronics,1,12000.0
304,2024-04-21,Ravi Kumar,ravi.kumar@example.com,North,Monitor,Electronics,5,60000.0
448,2024-01-21,Ravi Sharma,ravi.sharma@example.com,North,Monitor,Electronics,2,24000.0
490,2024-10-14,Rahul Sharma,rahul.sharma@example.com,North,Monitor,Electronics,4,48000.0
575,2024-12-07,Sneha Patel,sneha.patel@example.com,North,Monitor,Electronics,4,48000.0
576,2024-11-28,Karan Verma,karan.verma@example.com,North,Monitor,Electronics,2,24000.0
608,2024-06-29,Amit Gupta,amit.gupta@example.com,North,Monitor,Electronics,4,48000.0
710,2023-05-20,Arjun Gupta,arjun.gupta@example.com,North,Monitor,Electronics,3,36000.0
734,2023-11-03,Priya Sharma,priya.sharma@example.com,North,Monitor,Electronics,2,24000.0
800,2023-01-28,Amit Reddy,amit.reddy@example.com,North,Monitor,Electronics,5,60000.0
896,2023-04-02,Arjun Mehta,arjun.mehta@example.com,North,Monitor,Electronics,5,60000.0
924,2024-02-15,Simran Kumar,simran.kumar@example.com,North,Monitor,Electronics,1,12000.0
947,2024-01-22,Sneha Sharma,sneha.sharma@example.com,North,Monitor,Electronics,1,12000.0
958,2024-07-10,Priya Mehta,priya.mehta@example.com,North,Monitor,Electronics,2,24000.0
966,2024-06-03,Simran Kumar,simran.kumar@example.com,North,Monitor,Electronics,2,24000.0
967,2023-07-20,Simran Verma,simran.verma@example.com,North,Monitor,Electronics,3,36000.0
978,2024-05-13,Rahul Kumar,rahul.kumar@example.com,North,Monitor,Electronics,1,12000.0
95,2023-01-31,Neha Iyer,neha.iyer@example.com,Central,Keyboard,Accessories,1,1500.0
131,2024-10-19,Simran Iyer,simran.iyer@example.com,Central,Keyboard,Accessories,1,1500.0
147,2024-05-14,Sneha Sharma,sneha.sharma@example.com,Central,Keyboard,Accessories,5,7500.0
160,2023-07-23,Rahul Singh,rahul.singh@example.com,Central,Keyboard,Accessories,1,1500.0
261,2024-01-18,Arjun Patel,arjun.patel@example.com,Central,Keyboard,Accessories,5,7500.0
352,2023-05-12,Priya Reddy,priya.reddy@example.com,Central,Keyboard,Accessories,3,4500.0
441,2024-03-13,Amit Gupta,amit.gupta@example.com,Central,Keyboard,Accessories,2,3000.0
450,2023-07-09,Rahul Singh,rahul.singh@example.com,Central,Keyboard,Accessories,4,6000.0
474,2023-11-26,Rahul Sharma,rahul.sharma@example.com,Central,Keyboard,Accessories,1,1500.0
492,2024-04-27,Ravi Chopra,ravi.chopra@example.com,Central,Keyboard,Accessories,1,1500.0
501,2023-03-04,Simran Iyer,simran.iyer@example.com,Central,Keyboard,Accessories,2,3000.0
525,2024-11-03,Arjun Patel,arjun.patel@example.com,Central,Keyboard,Accessories,1,1500.0
530,2024-05-29,Amit Reddy,amit.reddy@example.com,Central,Keyboard,Accessories,3,4500.0
536,2024-10-10,Arjun Gupta,arjun.gupta@example.com,Central,Keyboard,Accessories,5,7500.0
558,2023-11-20,Arjun Patel,arjun.patel@example.com,Central,Keyboard,Accessories,2,3000.0
741,2023-04-29,Neha Chopra,neha.chopra@example.com,Central,Keyboard,Accessories,5,7500.0
762,2024-10-20,Neha Chopra,neha.chopra@example.com,Central,Keyboard,Accessories,1,1500.0
781,2023-12-03,Arjun Mehta,arjun.mehta@example.com,Central,Keyboard,Accessories,1,1500.0
790,2023-02-05,Ravi Verma,ravi.verma@example.com,Central,Keyboard,Accessories,1,1500.0
803,2023-06-17,Amit Chopra,amit.chopra@example.com,Central,Keyboard,Accessories,5,7500.0
809,2024-06-04,Pooja Patel,pooja.patel@example.com,Central,Keyboard,Accessories,1,1500.0
813,2023-02-01,Neha Chopra,neha.chopra@example.com,Central,Keyboard,Accessories,4,6000.0
844,2024-09-06,Ravi Verma,ravi.verma@example.com,Central,Keyboard,Accessories,2,3000.0
879,2023-08-05,Simran Verma,simran.verma@example.com,Central,Keyboard,Accessories,5,7500.0
956,2024-10-28,Amit Patel,amit.patel@example.com,Central,Keyboard,Accessories,1,1500.0
997,2023-10-08,Pooja Sharma,pooja.sharma@example.com,Central,Keyboard,Accessories,2,3000.0
9,2023-03-03,Arjun Gupta,arjun.gupta@example.com,West,Keyboard,Accessories,1,1500.0
73,2023-10-06,Rahul Kumar,rahul.kumar@example.com,West,Keyboard,Accessories,2,3000.0
78,2024-10-11,Sneha Mehta,sneha.mehta@example.com,West,Keyboard,Accessories,1,1500.0
192,2023-09-07,Sneha Chopra,sneha.chopra@example.com,West,Keyboard,Accessories,4,6000.0
213,2023-12-08,Priya Reddy,priya.reddy@example.com,West,Keyboard,Accessories,1,1500.0
254,2024-11-20,Sneha Sharma,sneha.sharma@example.com,West,Keyboard,Accessories,1,1500.0
293,2024-07-28,Sneha Sharma,sneha.sharma@example.com,West,Keyboard,Accessories,2,3000.0
336,2024-09-03,Karan Iyer,karan.iyer@example.com,West,Keyboard,Accessories,5,7500.0
349,2024-11-18,Rahul Singh,rahul.singh@example.com,West,Keyboard,Accessories,3,4500.0
462,2023-03-06,Simran Iyer,simran.iyer@example.com,West,Keyboard,Accessories,1,1500.0
540,2024-10-11,Arjun Mehta,arjun.mehta@example.com,West,Keyboard,Accessories,5,7500.0
551,2024-06-27,Amit Patel,amit.patel@example.com,West,Keyboard,Accessories,2,3000.0
579,2023-06-15,Pooja Patel,pooja.patel@example.com,West,Keyboard,Accessories,1,1500.0
585,2024-07-25,Pooja Patel,pooja.patel@example.com,West,Keyboard,Accessories,4,6000.0
667,2024-02-20,Sneha Mehta,sneha.mehta@example.com,West,Keyboard,Accessories,2,3000.0
713,2023-02-26,Priya Reddy,priya.reddy@example.com,West,Keyboard,Accessories,3,4500.0
719,2023-02-07,Sneha Sharma,sneha.sharma@example.com,West,Keyboard,Accessories,3,4500.0
837,2024-08-23,Rahul Sharma,rahul.sharma@example.com,West,Keyboard,Accessories,5,7500.0
853,2024-05-18,Ravi Mehta,ravi.mehta@example.com,West,Keyboard,Accessories,3,4500.0
908,2024-07-27,Priya Reddy,priya.reddy@example.com,West,Keyboard,Accessories,1,1500.0
919,2024-10-19,Karan Gupta,karan.gupta@example.com,West,Keyboard,Accessories,2,3000.0
953,2023-09-05,Simran Kumar,simran.kumar@example.com,West,Keyboard,Accessories,2,3000.0
1000,2023-06-29,Sneha Patel,sneha.patel@example.com,West,Keyboard,Accessories,3,4500.0
32,2024-05-21,Arjun Reddy,arjun.reddy@example.com,East,Keyboard,Accessories,1,1500.0
40,2023-04-17,Priya Reddy,priya.reddy@example.com,East,Keyboard,Accessories,2,3000.0
99,2023-05-11,Rahul Sharma,rahul.sharma@example.com,East,Keyboard,Accessories,5,7500.0
115,2024-05-22,Simran Verma,simran.verma@example.com,East,Keyboard,Accessories,2,3000.0
193,2023-07-11,Pooja Verma,pooja.verma@example.com,East,Keyboard,Accessories,2,3000.0
194,2024-08-25,Priya Reddy,priya.reddy@example.com,East,Keyboard,Accessories,4,6000.0
219,2024-02-16,Simran Iyer,simran.iyer@example.com,East,Keyboard,Accessories,4,6000.0
226,2024-06-03,Karan Gupta,karan.gupta@example.com,East,Keyboard,Accessories,5,7500.0
232,2023-09-10,Rahul Sharma,rahul.sharma@example.com,East,Keyboard,Accessories,4,6000.0
277,2024-09-21,Karan Mehta,karan.mehta@example.com,East,Keyboard,Accessories,1,1500.0
301,2024-03-11,Sneha Patel,sneha.patel@example.com,East,Keyboard,Accessories,3,4500.0
309,2023-05-07,Ravi Singh,ravi.singh@example.com,East,Keyboard,Accessories,1,1500.0
383,2024-08-15,Karan Sharma,karan.sharma@example.com,East,Keyboard,Accessories,4,6000.0
464,2024-08-26,Ravi Sharma,ravi.sharma@example.com,East,Keyboard,Accessories,1,1500.0
469,2023-10-11,Ravi Verma,ravi.verma@example.com,East,Keyboard,Accessories,2,3000.0
479,2023-02-06,Simran Verma,simran.verma@example.com,East,Keyboard,Accessories,3,4500.0
502,2024-12-26,Neha Verma,neha.verma@example.com,East,Keyboard,Accessories,3,4500.0
601,2023-01-01,Neha Sharma,neha.sharma@example.com,East,Keyboard,Accessories,3,4500.0
630,2024-03-30,Priya Reddy,priya.reddy@example.com,East,Keyboard,Accessories,4,6000.0
661,2023-05-02,Simran Iyer,simran.iyer@example.com,East,Keyboard,Accessories,4,6000.0
676,2023-03-23,Sneha Reddy,sneha.reddy@example.com,East,Keyboard,Accessories,5,7500.0
743,2023-09-25,Neha Chopra,neha.chopra@example.com,East,Keyboard,Accessories,1,1500.0
774,2023-04-29,Priya Reddy,priya.reddy@example.com,East,Keyboard,Accessories,5,7500.0
793,2024-03-15,Simran Kumar,simran.kumar@example.com,East,Keyboard,Accessories,3,4500.0
796,2023-09-16,Rahul Sharma,rahul.sharma@example.com,East,Keyboard,Accessories,5,7500.0
878,2023-05-13,Sneha Sharma,sneha.sharma@example.com,East,Keyboard,Accessories,5,7500.0
907,2023-09-02,Rahul Sharma,rahul.sharma@example.com,East,Keyboard,Accessories,4,6000.0
954,2024-08-23,Arjun Mehta,arjun.mehta@example.com,East,Keyboard,Accessories,3,4500.0
969,2023-04-10,Priya Patel,priya.patel@example.com,East,Keyboard,Accessories,3,4500.0
998,2023-09-02,Rahul Kumar,rahul.kumar@example.com,East,Keyboard,Accessories,1,1500.0
3,2024-07-21,Ravi Singh,ravi.singh@example.com,South,Keyboard,Accessories,3,4500.0
156,2024-02-24,Arjun Singh,arjun.singh@example.com,South,Keyboard,Accessories,4,6000.0
268,2024-05-22,Priya Kumar,priya.kumar@example.com,South,Keyboard,Accessories,4,6000.0
340,2023-03-28,Arjun Gupta,arjun.gupta@example.com,South,Keyboard,Accessories,1,1500.0
387,2023-10-25,Neha Reddy,neha.reddy@example.com,South,Keyboard,Accessories,2,3000.0
404,2024-10-30,Neha Reddy,neha.reddy@example.com,South,Keyboard,Accessories,2,3000.0
465,2024-02-07,Ravi Sharma,ravi.sharma@example.com,South,Keyboard,Accessories,4,6000.0
478,2024-12-01,Sneha Sharma,sneha.sharma@example.com,South,Keyboard,Accessories,3,4500.0
539,2023-01-29,Ravi Kumar,ravi.kumar@example.com,South,Keyboard,Accessories,1,1500.0
545,2023-06-10,Simran Patel,simran.patel@example.com,South,Keyboard,Accessories,1,1500.0
548,2024-11-22,Rahul Sharma,rahul.sharma@example.com,South,Keyboard,Accessories,2,3000.0
606,2023-03-04,Ravi Chopra,ravi.chopra@example.com,South,Keyboard,Accessories,3,4500.0
625,2024-02-04,Ravi Chopra,ravi.chopra@example.com,South,Keyboard,Accessories,2,3000.0
643,2023-11-10,Rahul Sharma,rahul.sharma@example.com,South,Keyboard,Accessories,3,4500.0
685,2023-02-27,Simran Patel,simran.patel@example.com,South,Keyboard,Accessories,1,1500.0
763,2023-05-25,Arjun Patel,arjun.patel@example.com,South,Keyboard,Accessories,1,1500.0
794,2023-11-21,Ravi Mehta,ravi.mehta@example.com,South,Keyboard,Accessories,1,1500.0
799,2023-06-08,Sneha Sharma,sneha.sharma@example.com,South,Keyboard,Accessories,2,3000.0
866,2024-07-03,Ravi Singh,ravi.singh@example.com,South,Keyboard,Accessories,2,3000.0
880,2023-10-28,Arjun Patel,arjun.patel@example.com,South,Keyboard,Accessories,3,4500.0
938,2023-09-19,Amit Patel,amit.patel@example.com,South,Keyboard,Accessories,1,1500.0
12,2024-06-18,Simran Patel,simran.patel@example.com,North,Keyboard,Accessories,1,1500.0
33,2023-02-16,Rahul Sharma,rahul.sharma@example.com,North,Keyboard,Accessories,3,4500.0
42,2024-08-25,Karan Patel,karan.patel@example.com,North,Keyboard,Accessories,2,3000.0
57,2023-10-16,Sneha Reddy,sneha.reddy@example.com,North,Keyboard,Accessories,1,1500.0
62,2023-12-15,Rahul Kumar,rahul.kumar@example.com,North,Keyboard,Accessories,3,4500.0
86,2023-04-18,Priya Mehta,priya.mehta@example.com,North,Keyboard,Accessories,3,4500.0
97,2024-01-22,Rahul Kumar,rahul.kumar@example.com,North,Keyboard,Accessories,2,3000.0
124,2024-04-28,Pooja Verma,pooja.verma@example.com,North,Keyboard,Accessories,5,7500.0
130,2023-04-25,Pooja Verma,pooja.verma@example.com,North,Keyboard,Accessories,5,7500.0
138,2023-02-24,Sneha Iyer,sneha.iyer@example.com,North,Keyboard,Accessories,4,6000.0
179,2024-09-04,Rahul Kumar,rahul.kumar@example.com,North,Keyboard,Accessories,2,3000.0
191,2023-04-23,Karan Verma,karan.verma@example.com,North,Keyboard,Accessories,5,7500.0
197,2023-03-02,Sneha Patel,sneha.patel@example.com,North,Keyboard,Accessories,4,6000.0
235,2023-02-02,Arjun Patel,arjun.patel@example.com,North,Keyboard,Accessories,2,3000.0
242,2023-03-05,Simran Iyer,simran.iyer@example.com,North,Keyboard,Accessories,4,6000.0
255,2024-10-12,Amit Chopra,amit.chopra@example.com,North,Keyboard,Accessories,5,7500.0
263,2023-02-04,Amit Patel,amit.patel@example.com,North,Keyboard,Accessories,3,4500.0
269,2024-02-19,Priya Reddy,priya.reddy@example.com,North,Keyboard,Accessories,1,1500.0
307,2024-03-30,Pooja Reddy,pooja.reddy@example.com,North,Keyboard,Accessories,4,6000.0
447,2023-01-02,Neha Reddy,neha.reddy@example.com,North,Keyboard,Accessories,5,7500.0
487,2023-12-17,Rahul Kumar,rahul.kumar@example.com,North,Keyboard,Accessories,2,3000.0
560,2023-04-11,Amit Reddy,amit.reddy@example.com,North,Keyboard,Accessories,3,4500.0
589,2023-12-23,Karan Gupta,karan.gupta@example.com,North,Keyboard,Accessories,5,7500.0
611,2024-01-14,Simran Iyer,simran.iyer@example.com,North,Keyboard,Accessories,1,1500.0
619,2024-03-15,Simran Patel,simran.patel@example.com,North,Keyboard,Accessories,1,1500.0
623,2024-07-18,Ravi Verma,ravi.verma@example.com,North,Keyboard,Accessories,3,4500.0
660,2024-11-20,Ravi Chopra,ravi.chopra@example.com,North,Keyboard,Accessories,4,6000.0
680,2024-04-08,Arjun Patel,arjun.patel@example.com,North,Keyboard,Accessories,5,7500.0
727,2024-04-02,Ravi Sharma,ravi.sharma@example.com,North,Keyboard,Accessories,5,7500.0
759,2024-03-06,Simran Iyer,simran.iyer@example.com,North,Keyboard,Accessories,3,4500.0
764,2023-02-11,Simran Singh,simran.singh@example.com,North,Keyboard,Accessories,2,3000.0
769,2023-06-21,Priya Patel,priya.patel@example.com,North,Keyboard,Accessories,1,1500.0
787,2024-10-01,Sneha Sharma,sneha.sharma@example.com,North,Keyboard,Accessories,1,1500.0
824,2024-11-16,Arjun Patel,arjun.patel@example.com,North,Keyboard,Accessories,2,3000.0
848,2023-02-07,Rahul Sharma,rahul.sharma@example.com,North,Keyboard,Accessories,5,7500.0
934,2023-05-18,Sneha Sharma,sneha.sharma@example.com,North,Keyboard,Accessories,4,6000.0
963,2024-09-14,Sneha Patel,sneha.patel@example.com,North,Keyboard,Accessories,3,4500.0
979,2024-03-14,Sneha Sharma,sneha.sharma@example.com,North,Keyboard,Accessories,4,6000.0
985,2024-06-04,Sneha Iyer,sneha.iyer@example.com,North,Keyboard,Accessories,5,7500.0
112,2023-07-07,Rahul Singh,rahul.singh@example.com,Central,Mouse,Accessories,2,1400.0
234,2023-06-22,Ravi Verma,ravi.verma@example.com,Central,Mouse,Accessories,3,2100.0
328,2024-07-28,Pooja Patel,pooja.patel@example.com,Central,Mouse,Accessories,3,2100.0
358,2024-12-07,Amit Reddy,amit.reddy@example.com,Central,Mouse,Accessories,2,1400.0
488,2024-09-26,Karan Gupta,karan.gupta@example.com,Central,Mouse,Accessories,4,2800.0
504,2023-10-17,Simran Patel,simran.patel@example.com,Central,Mouse,Accessories,1,700.0
546,2023-02-26,Arjun Patel,arjun.patel@example.com,Central,Mouse,Accessories,5,3500.0
552,2023-11-29,Sneha Sharma,sneha.sharma@example.com,Central,Mouse,Accessories,3,2100.0
571,2023-05-22,Priya Reddy,priya.reddy@example.com,Central,Mouse,Accessories,3,2100.0
574,2023-07-15,Sneha Chopra,sneha.chopra@example.com,Central,Mouse,Accessories,4,2800.0
718,2023-06-16,Simran Singh,simran.singh@example.com,Central,Mouse,Accessories,3,2100.0
723,2023-09-04,Priya Singh,priya.singh@example.com,Central,Mouse,Accessories,5,3500.0
788,2023-06-28,Karan Gupta,karan.gupta@example.com,Central,Mouse,Accessories,1,700.0
811,2023-05-11,Karan Gupta,karan.gupta@example.com,Central,Mouse,Accessories,5,3500.0
815,2023-06-04,Simran Verma,simran.verma@example.com,Central,Mouse,Accessories,5,3500.0
832,2023-06-29,Amit Patel,amit.patel@example.com,Central,Mouse,Accessories,4,2800.0
833,2024-09-04,Simran Kumar,simran.kumar@example.com,Central,Mouse,Accessories,5,3500.0
929,2023-03-03,Neha Sharma,neha.sharma@example.com,Central,Mouse,Accessories,5,3500.0
992,2024-12-04,Amit Iyer,amit.iyer@example.com,Central,Mouse,Accessories,4,2800.0
994,2023-07-15,Simran Patel,simran.patel@example.com,Central,Mouse,Accessories,4,2800.0
28,2024-06-30,Ravi Reddy,ravi.reddy@example.com,West,Mouse,Accessories,5,3500.0
31,2024-05-31,Rahul Singh,rahul.singh@example.com,West,Mouse,Accessories,5,3500.0
36,2023-09-11,Arjun Patel,arjun.patel@example.com,West,Mouse,Accessories,4,2800.0
37,2024-09-07,Amit Reddy,amit.reddy@example.com,West,Mouse,Accessories,5,3500.0
52,2023-07-28,Arjun Reddy,arjun.reddy@example.com,West,Mouse,Accessories,5,3500.0
117,2023-04-21,Pooja Singh,pooja.singh@example.com,West,Mouse,Accessories,2,1400.0
173,2023-03-04,Karan Iyer,karan.iyer@example.com,West,Mouse,Accessories,1,700.0
190,2023-09-07,Sneha Mehta,sneha.mehta@example.com,West,Mouse,Accessories,4,2800.0
230,2024-03-28,Simran Verma,simran.verma@example.com,West,Mouse,Accessories,5,3500.0
260,2023-09-27,Arjun Reddy,arjun.reddy@example.com,West,Mouse,Accessories,2,1400.0
278,2024-01-13,Neha Chopra,neha.chopra@example.com,West,Mouse,Accessories,3,2100.0
362,2023-10-23,Amit Chopra,amit.chopra@example.com,West,Mouse,Accessories,4,2800.0
367,2023-07-18,Neha Mehta,neha.mehta@example.com,West,Mouse,Accessories,4,2800.0
399,2023-05-05,Karan Sharma,karan.sharma@example.com,West,Mouse,Accessories,3,2100.0
406,2023-04-13,Sneha Sharma,sneha.sharma@example.com,West,Mouse,Accessories,5,3500.0
416,2023-12-10,Amit Reddy,amit.reddy@example.com,West,Mouse,Accessories,1,700.0
456,2024-02-18,Priya Reddy,priya.reddy@example.com,West,Mouse,Accessories,5,3500.0
477,2023-09-30,Amit Reddy,amit.reddy@example.com,West,Mouse,Accessories,3,2100.0
508,2023-06-02,Amit Reddy,amit.reddy@example.com,West,Mouse,Accessories,5,3500.0
521,2024-09-05,Sneha Patel,sneha.patel@example.com,West,Mouse,Accessories,5,3500.0
638,2024-06-28,Arjun Patel,arjun.patel@example.com,West,Mouse,Accessories,3,2100.0
656,2024-10-30,Rahul Singh,rahul.singh@example.com,West,Mouse,Accessories,5,3500.0
687,2023-03-29,Karan Gupta,karan.gupta@example.com,West,Mouse,Accessories,5,3500.0
690,2023-02-27,Amit Chopra,amit.chopra@example.com,West,Mouse,Accessories,4,2800.0
703,2023-08-13,Priya Reddy,priya.reddy@example.com,West,Mouse,Accessories,3,2100.0
730,2024-09-07,Pooja Singh,pooja.singh@example.com,West,Mouse,Accessories,1,700.0
737,2023-11-24,Priya Reddy,priya.reddy@example.com,West,Mouse,Accessories,1,700.0
745,2024-02-03,Simran Kumar,simran.kumar@example.com,West,Mouse,Accessories,5,3500.0
773,2024-07-14,Simran Kumar,simran.kumar@example.com,West,Mouse,Accessories,5,3500.0
999,2023-12-18,Rahul Singh,rahul.singh@example.com,West,Mouse,Accessories,3,2100.0
47,2024-08-13,Ravi Chopra,ravi.chopra@example.com,East,Mouse,Accessories,5,3500.0
167,2024-01-25,Arjun Patel,arjun.patel@example.com,East,Mouse,Accessories,4,2800.0
182,2024-05-25,Simran Singh,simran.singh@example.com,East,Mouse,Accessories,2,1400.0
186,2023-09-30,Rahul Singh,rahul.singh@example.com,East,Mouse,Accessories,2,1400.0
265,2024-12-05,Amit Chopra,amit.chopra@example.com,East,Mouse,Accessories,4,2800.0
289,2024-01-12,Amit Patel,amit.patel@example.com,East,Mouse,Accessories,5,3500.0
325,2023-07-23,Arjun Gupta,arjun.gupta@example.com,East,Mouse,Accessories,5,3500.0
381,2023-08-08,Neha Patel,neha.patel@example.com,East,Mouse,Accessories,3,2100.0
427,2023-03-31,Sneha Reddy,sneha.reddy@example.com,East,Mouse,Accessories,2,1400.0
584,2024-04-10,Amit Iyer,amit.iyer@example.com,East,Mouse,Accessories,3,2100.0
595,2024-12-27,Neha Iyer,neha.iyer@example.com,East,Mouse,Accessories,2,1400.0
604,2023-10-28,Ravi Reddy,ravi.reddy@example.com,East,Mouse,Accessories,5,3500.0
647,2023-05-04,Amit Patel,amit.patel@example.com,East,Mouse,Accessories,1,700.0
673,2024-02-26,Ravi Verma,ravi.verma@example.com,East,Mouse,Accessories,1,700.0
702,2024-06-09,Sneha Mehta,sneha.mehta@example.com,East,Mouse,Accessories,3,2100.0
709,2024-08-13,Priya Reddy,priya.reddy@example.com,East,Mouse,Accessories,1,700.0
757,2024-05-27,Sneha Patel,sneha.patel@example.com,East,Mouse,Accessories,5,3500.0
789,2023-01-22,Neha Iyer,neha.iyer@example.com,East,Mouse,Accessories,4,2800.0
949,2023-01-06,Sneha Patel,sneha.patel@example.com,East,Mouse,Accessories,3,2100.0
69,2024-03-20,Sneha Iyer,sneha.iyer@example.com,South,Mouse,Accessories,4,2800.0
96,2023-08-04,Sneha Chopra,sneha.chopra@example.com,South,Mouse,Accessories,2,1400.0
128,2023-01-07,Arjun Reddy,arjun.reddy@example.com,South,Mouse,Accessories,1,700.0
210,2024-11-23,Karan Iyer,karan.iyer@example.com,South,Mouse,Accessories,2,1400.0
294,2024-04-21,Ravi Chopra,ravi.chopra@example.com,South,Mouse,Accessories,3,2100.0
297,2023-10-08,Ravi Singh,ravi.singh@example.com,South,Mouse,Accessories,4,2800.0
385,2024-07-05,Neha Patel,neha.patel@example.com,South,Mouse,Accessories,5,3500.0
401,2024-04-24,Sneha Reddy,sneha.reddy@example.com,South,Mouse,Accessories,1,700.0
407,2023-06-13,Arjun Reddy,arjun.reddy@example.com,South,Mouse,Accessories,4,2800.0
491,2024-12-18,Karan Verma,karan.verma@example.com,South,Mouse,Accessories,2,1400.0
514,2023-08-31,Pooja Sharma,pooja.sharma@example.com,South,Mouse,Accessories,2,1400.0
603,2023-07-12,Rahul Singh,rahul.singh@example.com,South,Mouse,Accessories,5,3500.0
658,2024-08-30,Ravi Singh,ravi.singh@example.com,South,Mouse,Accessories,3,2100.0
689,2024-11-17,Karan Gupta,karan.gupta@example.com,South,Mouse,Accessories,1,700.0
708,2023-07-20,Amit Reddy,amit.reddy@example.com,South,Mouse,Accessories,3,2100.0
729,2023-09-30,Ravi Chopra,ravi.chopra@example.com,South,Mouse,Accessories,4,2800.0
761,2024-01-18,Neha Sharma,neha.sharma@example.com,South,Mouse,Accessories,5,3500.0
806,2023-05-07,Karan Gupta,karan.gupta@example.com,South,Mouse,Accessories,1,700.0
838,2024-05-13,Priya Kumar,priya.kumar@example.com,South,Mouse,Accessories,2,1400.0
864,2024-12-10,Amit Patel,amit.patel@example.com,South,Mouse,Accessories,5,3500.0
870,2023-08-26,Arjun Reddy,arjun.reddy@example.com,South,Mouse,Accessories,1,700.0
871,2024-07-01,Karan Patel,karan.patel@example.com,South,Mouse,Accessories,5,3500.0
913,2023-06-07,Neha Reddy,neha.reddy@example.com,South,Mouse,Accessories,2,1400.0
991,2023-01-18,Priya Reddy,priya.reddy@example.com,South,Mouse,Accessories,5,3500.0
1,2023-11-27,Arjun Patel,arjun.patel@example.com,North,Mouse,Accessories,20,3500.0
13,2023-12-07,Amit Patel,amit.patel@example.com,North,Mouse,Accessories,5,3500.0
54,2024-05-18,Amit Patel,amit.patel@example.com,North,Mouse,Accessories,1,700.0
105,2023-12-23,Sneha Reddy,sneha.reddy@example.com,North,Mouse,Accessories,2,1400.0
238,2024-02-25,Sneha Patel,sneha.patel@example.com,North,Mouse,Accessories,1,700.0
302,2023-09-20,Pooja Patel,pooja.patel@example.com,North,Mouse,Accessories,5,3500.0
369,2023-12-30,Rahul Singh,rahul.singh@example.com,North,Mouse,Accessories,5,3500.0
419,2023-11-05,Arjun Gupta,arjun.gupta@example.com,North,Mouse,Accessories,2,1400.0
420,2023-01-14,Sneha Patel,sneha.patel@example.com,North,Mouse,Accessories,4,2800.0
444,2024-03-20,Priya Reddy,priya.reddy@example.com,North,Mouse,Accessories,2,1400.0
457,2023-10-30,Rahul Singh,rahul.singh@example.com,North,Mouse,Accessories,4,2800.0
475,2023-12-31,Amit Iyer,amit.iyer@example.com,North,Mouse,Accessories,1,700.0
493,2023-01-27,Sneha Sharma,sneha.sharma@example.com,North,Mouse,Accessories,4,2800.0
495,2023-02-24,Priya Sharma,priya.sharma@example.com,North,Mouse,Accessories,1,700.0
513,2024-02-03,Simran Patel,simran.patel@example.com,North,Mouse,Accessories,1,700.0
517,2023-04-20,Neha Mehta,neha.mehta@example.com,North,Mouse,Accessories,2,1400.0
577,2024-03-12,Rahul Singh,rahul.singh@example.com,North,Mouse,Accessories,2,1400.0
598,2024-10-07,Simran Iyer,simran.iyer@example.com,North,Mouse,Accessories,5,3500.0
599,2024-08-09,Arjun Patel,arjun.patel@example.com,North,Mouse,Accessories,3,2100.0
655,2024-07-25,Simran Patel,simran.patel@example.com,North,Mouse,Accessories,2,1400.0
675,2024-04-09,Amit Reddy,amit.reddy@example.com,North,Mouse,Accessories,2,1400.0
802,2023-06-14,Priya Reddy,priya.reddy@example.com,North,Mouse,Accessories,1,700.0
805,2023-09-26,Sneha Sharma,sneha.sharma@example.com,North,Mouse,Accessories,1,700.0
911,2024-03-31,Neha Iyer,neha.iyer@example.com,North,Mouse,Accessories,3,2100.0
923,2024-08-17,Arjun Reddy,arjun.reddy@example.com,North,Mouse,Accessories,5,3500.0
951,2023-09-17,Simran Singh,simran.singh@example.com,North,Mouse,Accessories,5,3500.0
972,2024-12-22,Rahul Kumar,rahul.kumar@example.com,North,Mouse,Accessories,1,700.0
977,2024-02-24,Arjun Gupta,arjun.gupta@example.com,North,Mouse,Accessories,4,2800.0
